<step title="BackgroundTrace" date="2025-10-01T13:09:44.095" instance="9bc3e5" url="/api/publish" method="POST" >
  <step title="Creating temporary deployment - FetchDeploymentManager" date="2025-10-01T13:09:44.143" /><!-- duration: 2ms -->
  <step title="Creating temporary deployment" date="2025-10-01T13:09:44.147" /><!-- duration: 83ms -->
  <step title="Performing fetch based deployment" date="2025-10-01T13:09:44.250" >
    <step title="Cleaning up temp folders from previous zip deployments and extracting pushed zip file /tmp/zipdeploy/b13897ac-be85-49b3-9712-6e09a603540c.zip (6.42 MB) to /tmp/zipdeploy/extracted" date="2025-10-01T13:09:45.405" >
      <step title="ChmodRecursive Process exited with total time taken in ms: 15" date="2025-10-01T13:09:45.523" /><!-- duration: 3ms -->
    </step><!-- duration: 123ms -->
    <step title="Deployment timer started" date="2025-10-01T13:09:47.533" >
      <step title="DeploymentManager.Deploy(id:b8c2d1e0-15f2-42fc-84bd-d45dc99725bb)" date="2025-10-01T13:09:47.540" >
        <step title="Collecting changeset information" date="2025-10-01T13:09:47.548" /><!-- duration: 80ms -->
        <step title="Updating submodules" date="2025-10-01T13:09:47.632" /><!-- duration: 1142ms -->
        <step title="Determining deployment builder" date="2025-10-01T13:09:49.010" >
          <step title="Builder is OryxBuilder" date="2025-10-01T13:09:49.016" /><!-- duration: 2ms -->
        </step><!-- duration: 9ms -->
        <step title="PreDeployment: context.CleanOutputPath False" date="2025-10-01T13:09:49.083" >
          <step title="PreDeployment: context.OutputPath /home/site/wwwroot" date="2025-10-01T13:09:49.217" >
            <step title="Building" date="2025-10-01T13:09:49.367" >
              <step title="Executing external process" date="2025-10-01T13:09:49.601" type="process" path="bash" arguments="-c &quot;oryx build /tmp/zipdeploy/extracted -o /home/site/wwwroot --platform python --platform-version 3.11 -p virtualenv_name=antenv --log-file /tmp/build-debug.log  -i /tmp/8de00ebcd05db38 --compress-destination-dir | tee /tmp/oryx-build.log ; exit $PIPESTATUS &quot;" /><!-- duration: 121463ms -->
              <step title="Using PythonDeploymentLogParser" date="2025-10-01T13:11:51.395" /><!-- duration: 2ms -->
              <step title="Modified file to trigger a restart of the app container." date="2025-10-01T13:11:52.494" /><!-- duration: 3ms -->
              <step title="Skip function trigger and logicapp sync because function is not enabled." date="2025-10-01T13:11:52.500" /><!-- duration: 2ms -->
            </step><!-- duration: 124019ms -->
          </step><!-- duration: 124171ms -->
          <step title="Cleaning up temp files" date="2025-10-01T13:11:53.390" /><!-- duration: 2026ms -->
          <step title="Cleaning up temp files" date="2025-10-01T13:11:55.420" /><!-- duration: 503ms -->
          <step title="Reloading status file with latest updates" date="2025-10-01T13:11:55.944" >
            <step title="WebHooksManager.PublishEventAsync: PostDeployment" date="2025-10-01T13:11:55.947" /><!-- duration: 27ms -->
          </step><!-- duration: 31ms -->
          <step title="Cleaning up temporary deployment - fetch deployment was successful" date="2025-10-01T13:11:55.986" /><!-- duration: 3ms -->
        </step><!-- duration: 126943ms -->
      </step><!-- duration: 128494ms -->
