<step title="BackgroundTrace" date="2025-09-30T07:16:13.425" instance="9bc3e5" url="/api/publish" method="POST" >
  <step title="Creating temporary deployment - FetchDeploymentManager" date="2025-09-30T07:16:13.512" /><!-- duration: 6ms -->
  <step title="Creating temporary deployment" date="2025-09-30T07:16:13.524" /><!-- duration: 69ms -->
  <step title="Performing fetch based deployment" date="2025-09-30T07:16:13.644" >
    <step title="Cleaning up temp folders from previous zip deployments and extracting pushed zip file /tmp/zipdeploy/fab117d4-3609-488b-b494-5ff546200bff.zip (6.40 MB) to /tmp/zipdeploy/extracted" date="2025-09-30T07:16:14.862" >
      <step title="ChmodRecursive Process exited with total time taken in ms: 18" date="2025-09-30T07:16:14.986" /><!-- duration: 7ms -->
    </step><!-- duration: 137ms -->
    <step title="Deployment timer started" date="2025-09-30T07:16:17.011" >
      <step title="DeploymentManager.Deploy(id:79cd61ff-8623-4641-9472-45fd0976cace)" date="2025-09-30T07:16:17.021" >
        <step title="Collecting changeset information" date="2025-09-30T07:16:17.052" /><!-- duration: 105ms -->
        <step title="Updating submodules" date="2025-09-30T07:16:17.175" /><!-- duration: 1154ms -->
        <step title="Determining deployment builder" date="2025-09-30T07:16:18.594" >
          <step title="Builder is OryxBuilder" date="2025-09-30T07:16:18.609" /><!-- duration: 5ms -->
        </step><!-- duration: 26ms -->
        <step title="PreDeployment: context.CleanOutputPath False" date="2025-09-30T07:16:18.687" >
          <step title="PreDeployment: context.OutputPath /home/site/wwwroot" date="2025-09-30T07:16:18.856" >
            <step title="Building" date="2025-09-30T07:16:19.021" >
              <step title="Executing external process" date="2025-09-30T07:16:19.375" type="process" path="bash" arguments="-c &quot;oryx build /tmp/zipdeploy/extracted -o /home/site/wwwroot --platform python --platform-version 3.11 -p virtualenv_name=antenv --log-file /tmp/build-debug.log  -i /tmp/8ddfff1403abf4b --compress-destination-dir | tee /tmp/oryx-build.log ; exit $PIPESTATUS &quot;" >
                <step title="Cpu: gzip(11447,14.650s)+sh(11446,0.010s)+tar(11445,1.030s)+build.sh(11321,0.020s)+oryx(11303,1.340s)+tee(11304,0.000s)+bash(11302,0.000s)=total(17.050s)" date="2025-09-30T07:18:35.472" /><!-- duration: 17ms -->
                <step title="bash: no io activity for 61s, prev-cpu=-1.000s, current-cpu=17.050s" date="2025-09-30T07:18:35.502" /><!-- duration: 11ms -->
              </step><!-- duration: 166215ms -->
              <step title="Using PythonDeploymentLogParser" date="2025-09-30T07:19:06.026" /><!-- duration: 8ms -->
              <step title="Modified file to trigger a restart of the app container." date="2025-09-30T07:19:07.418" /><!-- duration: 10ms -->
              <step title="Skip function trigger and logicapp sync because function is not enabled." date="2025-09-30T07:19:07.433" /><!-- duration: 6ms -->
            </step><!-- duration: 169191ms -->
          </step><!-- duration: 169362ms -->
          <step title="Cleaning up temp files" date="2025-09-30T07:19:08.225" /><!-- duration: 1902ms -->
          <step title="Cleaning up temp files" date="2025-09-30T07:19:10.134" /><!-- duration: 507ms -->
          <step title="Reloading status file with latest updates" date="2025-09-30T07:19:10.694" >
            <step title="WebHooksManager.PublishEventAsync: PostDeployment" date="2025-09-30T07:19:10.706" /><!-- duration: 49ms -->
          </step><!-- duration: 71ms -->
          <step title="Cleaning up temporary deployment - fetch deployment was successful" date="2025-09-30T07:19:10.793" /><!-- duration: 25ms -->
        </step><!-- duration: 172469ms -->
      </step><!-- duration: 174162ms -->
