<step title="Incoming Request" date="2025-09-30T19:44:48.059" instance="9bc3e5" url="/api/deployments/latest?deployer=OneDeploy&amp;time=2025-09-30_19-43-21Z" method="GET" type="request" pid="768,1,78" Host="homed-gjbncwembghtg6c5.scm.canadacentral-01.azurewebsites.net" User-Agent="GITHUBACTIONS_DeployWebAppToAzure_650b6b91cdde6412317e2834b6c4fb49bc0a7230c2233d3392fff9691cb68c29" Authorization="Bas..." Content-Type="application/json; charset=utf-8" Cookie="ARRAffinity=9bc3e57960773edb3408c581dbfe6e2a119577c37fb6d5a2de646503cf932eae;Path=/;HttpOnly;Secure;Domain=homed-gjbncwembghtg6c5.scm.canadacentral-01.azurewebsites.net; ARRAffinitySameSite=9bc3e57960773edb3408c581dbfe6e2a119577c37fb6d5a2de646503cf932eae;Path=/;HttpOnly;SameSite=None;Secure;Domain=homed-gjbncwembghtg6c5.scm.canadacentral-01.azurewebsites.net" Content-Length="0" X-ARR-LOG-ID="7654189f-8ba5-4098-8465-e4c1ea8d883f" CLIENT-IP="52.173.237.212:29728" X-SITE-DEPLOYMENT-ID="homed" WAS-DEFAULT-HOSTNAME="homed-gjbncwembghtg6c5.scm.canadacentral-01.azurewebsites.net" X-Forwarded-Proto="https" X-AppService-Proto="https" X-Forwarded-TlsVersion="1.3" X-WAWS-Unencoded-URL="/api/deployments/latest?deployer=OneDeploy&amp;time=2025-09-30_19-43-21Z" X-Client-IP="52.173.237.212" X-Client-Port="29728" >
  <step title="Cleanup Xml Logs" date="2025-09-30T19:44:48.065" >
    <step title="Cleanup Infos" date="2025-09-30T19:44:48.088" totalFiles="202" totalCleanup="42" /><!-- duration: 12ms -->
  </step><!-- duration: 44ms -->
  <step title="DeploymentService.GetResult" date="2025-09-30T19:44:48.128" >
    <step title="DeploymentService.GetLatestDeployment" date="2025-09-30T19:44:48.134" >
      <step title="DeploymentManager.GetResults" date="2025-09-30T19:44:48.145" /><!-- duration: 562ms -->
    </step><!-- duration: 582ms -->
  </step><!-- duration: 598ms -->
  <step title="Outgoing response" date="2025-09-30T19:44:48.737" type="response" statusCode="202" statusText="Accepted" /><!-- duration: 8ms -->
</step><!-- duration: 695ms -->
