<step title="Incoming Request" date="2025-10-02T19:01:07.281" instance="9bc3e5" url="/api/deployments/latest?deployer=OneDeploy&amp;time=2025-10-02_18-59-07Z" method="GET" type="request" pid="768,1,85" Host="homed-gjbncwembghtg6c5.scm.canadacentral-01.azurewebsites.net" User-Agent="GITHUBACTIONS_DeployWebAppToAzure_650b6b91cdde6412317e2834b6c4fb49bc0a7230c2233d3392fff9691cb68c29" Authorization="Bas..." Content-Type="application/json; charset=utf-8" Cookie="ARRAffinity=9bc3e57960773edb3408c581dbfe6e2a119577c37fb6d5a2de646503cf932eae;Path=/;HttpOnly;Secure;Domain=homed-gjbncwembghtg6c5.scm.canadacentral-01.azurewebsites.net; ARRAffinitySameSite=9bc3e57960773edb3408c581dbfe6e2a119577c37fb6d5a2de646503cf932eae;Path=/;HttpOnly;SameSite=None;Secure;Domain=homed-gjbncwembghtg6c5.scm.canadacentral-01.azurewebsites.net" Content-Length="0" X-ARR-LOG-ID="f936ac36-3716-4410-b8ec-2ff6f2bb2274" CLIENT-IP="52.176.124.180:9250" X-SITE-DEPLOYMENT-ID="homed" WAS-DEFAULT-HOSTNAME="homed-gjbncwembghtg6c5.scm.canadacentral-01.azurewebsites.net" X-Forwarded-Proto="https" X-AppService-Proto="https" X-Forwarded-TlsVersion="1.3" X-WAWS-Unencoded-URL="/api/deployments/latest?deployer=OneDeploy&amp;time=2025-10-02_18-59-07Z" X-Client-IP="52.176.124.180" X-Client-Port="9250" >
  <step title="Cleanup Xml Logs" date="2025-10-02T19:01:07.283" >
    <step title="Cleanup Infos" date="2025-10-02T19:01:07.288" totalFiles="272" totalCleanup="112" /><!-- duration: 3ms -->
  </step><!-- duration: 10ms -->
  <step title="DeploymentService.GetResult" date="2025-10-02T19:01:07.296" >
    <step title="DeploymentService.GetLatestDeployment" date="2025-10-02T19:01:07.298" >
      <step title="DeploymentManager.GetResults" date="2025-10-02T19:01:07.300" /><!-- duration: 464ms -->
    </step><!-- duration: 468ms -->
  </step><!-- duration: 487ms -->
  <step title="Outgoing response" date="2025-10-02T19:01:07.785" type="response" statusCode="202" statusText="Accepted" /><!-- duration: 2ms -->
</step><!-- duration: 509ms -->
