<step title="Incoming Request" date="2025-10-01T13:10:51.483" instance="9bc3e5" url="/api/deployments/latest?deployer=OneDeploy&amp;time=2025-10-01_13-09-44Z" method="GET" type="request" pid="768,1,81" Host="homed-gjbncwembghtg6c5.scm.canadacentral-01.azurewebsites.net" User-Agent="GITHUBACTIONS_DeployWebAppToAzure_650b6b91cdde6412317e2834b6c4fb49bc0a7230c2233d3392fff9691cb68c29" Authorization="Bas..." Content-Type="application/json; charset=utf-8" Cookie="ARRAffinity=9bc3e57960773edb3408c581dbfe6e2a119577c37fb6d5a2de646503cf932eae;Path=/;HttpOnly;Secure;Domain=homed-gjbncwembghtg6c5.scm.canadacentral-01.azurewebsites.net; ARRAffinitySameSite=9bc3e57960773edb3408c581dbfe6e2a119577c37fb6d5a2de646503cf932eae;Path=/;HttpOnly;SameSite=None;Secure;Domain=homed-gjbncwembghtg6c5.scm.canadacentral-01.azurewebsites.net" Content-Length="0" X-ARR-LOG-ID="30028f48-703b-49f0-b649-00de1fb0a703" CLIENT-IP="64.236.141.181:31792" X-SITE-DEPLOYMENT-ID="homed" WAS-DEFAULT-HOSTNAME="homed-gjbncwembghtg6c5.scm.canadacentral-01.azurewebsites.net" X-Forwarded-Proto="https" X-AppService-Proto="https" X-Forwarded-TlsVersion="1.3" X-WAWS-Unencoded-URL="/api/deployments/latest?deployer=OneDeploy&amp;time=2025-10-01_13-09-44Z" X-Client-IP="64.236.141.181" X-Client-Port="31792" >
  <step title="Cleanup Xml Logs" date="2025-10-01T13:10:51.501" >
    <step title="Cleanup Infos" date="2025-10-01T13:10:51.507" totalFiles="235" totalCleanup="75" /><!-- duration: 4ms -->
  </step><!-- duration: 13ms -->
  <step title="DeploymentService.GetResult" date="2025-10-01T13:10:51.519" >
    <step title="DeploymentService.GetLatestDeployment" date="2025-10-01T13:10:51.522" >
      <step title="DeploymentManager.GetResults" date="2025-10-01T13:10:51.524" /><!-- duration: 407ms -->
    </step><!-- duration: 412ms -->
  </step><!-- duration: 416ms -->
  <step title="Outgoing response" date="2025-10-01T13:10:51.940" type="response" statusCode="202" statusText="Accepted" /><!-- duration: 2ms -->
</step><!-- duration: 461ms -->
