<step title="BackgroundTrace" date="2025-09-30T13:02:29.900" instance="9bc3e5" url="/api/publish" method="POST" >
  <step title="Creating temporary deployment - FetchDeploymentManager" date="2025-09-30T13:02:29.985" /><!-- duration: 6ms -->
  <step title="Creating temporary deployment" date="2025-09-30T13:02:29.996" /><!-- duration: 65ms -->
  <step title="Performing fetch based deployment" date="2025-09-30T13:02:30.107" >
    <step title="Cleaning up temp folders from previous zip deployments and extracting pushed zip file /tmp/zipdeploy/234a8310-bd18-4201-ae69-b6982614bfd6.zip (6.41 MB) to /tmp/zipdeploy/extracted" date="2025-09-30T13:02:31.312" >
      <step title="ChmodRecursive Process exited with total time taken in ms: 19" date="2025-09-30T13:02:31.432" /><!-- duration: 7ms -->
    </step><!-- duration: 133ms -->
    <step title="Deployment timer started" date="2025-09-30T13:02:33.473" >
      <step title="DeploymentManager.Deploy(id:87f303c0-9053-44a9-a859-0d336781e6c3)" date="2025-09-30T13:02:33.484" >
        <step title="Collecting changeset information" date="2025-09-30T13:02:33.507" /><!-- duration: 96ms -->
        <step title="Updating submodules" date="2025-09-30T13:02:33.617" /><!-- duration: 1137ms -->
        <step title="Determining deployment builder" date="2025-09-30T13:02:34.995" >
          <step title="Builder is OryxBuilder" date="2025-09-30T13:02:35.011" /><!-- duration: 9ms -->
        </step><!-- duration: 32ms -->
        <step title="PreDeployment: context.CleanOutputPath False" date="2025-09-30T13:02:35.091" >
          <step title="PreDeployment: context.OutputPath /home/site/wwwroot" date="2025-09-30T13:02:35.232" >
            <step title="Building" date="2025-09-30T13:02:35.407" >
              <step title="Executing external process" date="2025-09-30T13:02:35.772" type="process" path="bash" arguments="-c &quot;oryx build /tmp/zipdeploy/extracted -o /home/site/wwwroot --platform python --platform-version 3.11 -p virtualenv_name=antenv --log-file /tmp/build-debug.log  -i /tmp/8de00219feed26a --compress-destination-dir | tee /tmp/oryx-build.log ; exit $PIPESTATUS &quot;" >
                <step title="Cpu: gzip(16314,14.410s)+sh(16313,0.020s)+tar(16312,1.050s)+build.sh(16198,0.020s)+oryx(16177,1.370s)+tee(16178,0.000s)+bash(16176,0.000s)=total(16.860s)" date="2025-09-30T13:04:47.811" /><!-- duration: 17ms -->
                <step title="bash: no io activity for 60s, prev-cpu=-1.000s, current-cpu=16.860s" date="2025-09-30T13:04:47.839" /><!-- duration: 10ms -->
              </step><!-- duration: 164248ms -->
              <step title="Using PythonDeploymentLogParser" date="2025-09-30T13:05:20.479" /><!-- duration: 6ms -->
              <step title="Modified file to trigger a restart of the app container." date="2025-09-30T13:05:21.997" /><!-- duration: 11ms -->
              <step title="Skip function trigger and logicapp sync because function is not enabled." date="2025-09-30T13:05:22.014" /><!-- duration: 16ms -->
            </step><!-- duration: 167612ms -->
          </step><!-- duration: 167799ms -->
          <step title="Cleaning up temp files" date="2025-09-30T13:05:23.037" /><!-- duration: 1931ms -->
          <step title="Cleaning up temp files" date="2025-09-30T13:05:24.981" /><!-- duration: 508ms -->
          <step title="Reloading status file with latest updates" date="2025-09-30T13:05:25.544" >
            <step title="WebHooksManager.PublishEventAsync: PostDeployment" date="2025-09-30T13:05:25.552" /><!-- duration: 28ms -->
          </step><!-- duration: 42ms -->
          <step title="Cleaning up temporary deployment - fetch deployment was successful" date="2025-09-30T13:05:25.596" /><!-- duration: 7ms -->
        </step><!-- duration: 170573ms -->
      </step><!-- duration: 172206ms -->
