<step title="Incoming Request" date="2025-10-02T19:12:43.394" instance="9bc3e5" url="/api/deployments/latest?deployer=OneDeploy&amp;time=2025-10-02_19-11-38Z" method="GET" type="request" pid="768,1,27" Host="homed-gjbncwembghtg6c5.scm.canadacentral-01.azurewebsites.net" User-Agent="GITHUBACTIONS_DeployWebAppToAzure_650b6b91cdde6412317e2834b6c4fb49bc0a7230c2233d3392fff9691cb68c29" Authorization="Bas..." Content-Type="application/json; charset=utf-8" Cookie="ARRAffinity=9bc3e57960773edb3408c581dbfe6e2a119577c37fb6d5a2de646503cf932eae;Path=/;HttpOnly;Secure;Domain=homed-gjbncwembghtg6c5.scm.canadacentral-01.azurewebsites.net; ARRAffinitySameSite=9bc3e57960773edb3408c581dbfe6e2a119577c37fb6d5a2de646503cf932eae;Path=/;HttpOnly;SameSite=None;Secure;Domain=homed-gjbncwembghtg6c5.scm.canadacentral-01.azurewebsites.net" Content-Length="0" X-ARR-LOG-ID="3a632b7c-0c28-4204-8e83-a569a802cca0" CLIENT-IP="52.225.25.103:59457" X-SITE-DEPLOYMENT-ID="homed" WAS-DEFAULT-HOSTNAME="homed-gjbncwembghtg6c5.scm.canadacentral-01.azurewebsites.net" X-Forwarded-Proto="https" X-AppService-Proto="https" X-Forwarded-TlsVersion="1.3" X-WAWS-Unencoded-URL="/api/deployments/latest?deployer=OneDeploy&amp;time=2025-10-02_19-11-38Z" X-Client-IP="52.225.25.103" X-Client-Port="59457" >
  <step title="Cleanup Xml Logs" date="2025-10-02T19:12:43.395" >
    <step title="Cleanup Infos" date="2025-10-02T19:12:43.428" totalFiles="289" totalCleanup="129" /><!-- duration: 7ms -->
  </step><!-- duration: 43ms -->
  <step title="DeploymentService.GetResult" date="2025-10-02T19:12:43.451" >
    <step title="DeploymentService.GetLatestDeployment" date="2025-10-02T19:12:43.453" >
      <step title="DeploymentManager.GetResults" date="2025-10-02T19:12:43.460" /><!-- duration: 587ms -->
    </step><!-- duration: 604ms -->
  </step><!-- duration: 609ms -->
  <step title="Outgoing response" date="2025-10-02T19:12:44.067" type="response" statusCode="202" statusText="Accepted" /><!-- duration: 9ms -->
</step><!-- duration: 690ms -->
