<step title="BackgroundTrace" date="2025-09-29T18:28:41.169" instance="9bc3e5" url="/api/publish" method="POST" >
  <step title="Creating temporary deployment - FetchDeploymentManager" date="2025-09-29T18:28:41.238" /><!-- duration: 6ms -->
  <step title="Creating temporary deployment" date="2025-09-29T18:28:41.250" /><!-- duration: 82ms -->
  <step title="Performing fetch based deployment" date="2025-09-29T18:28:41.412" >
    <step title="Cleaning up temp folders from previous zip deployments and extracting pushed zip file /tmp/zipdeploy/fceb79bf-08ef-4ff9-bc81-25e64e252eae.zip (6.40 MB) to /tmp/zipdeploy/extracted" date="2025-09-29T18:28:42.623" >
      <step title="ChmodRecursive Process exited with total time taken in ms: 18" date="2025-09-29T18:28:42.731" /><!-- duration: 6ms -->
    </step><!-- duration: 120ms -->
    <step title="Deployment timer started" date="2025-09-29T18:28:44.756" >
      <step title="DeploymentManager.Deploy(id:a1063b44-b81c-439a-9e68-4737328bc23a)" date="2025-09-29T18:28:44.765" >
        <step title="Collecting changeset information" date="2025-09-29T18:28:44.786" /><!-- duration: 129ms -->
        <step title="Updating submodules" date="2025-09-29T18:28:44.937" /><!-- duration: 1149ms -->
        <step title="Determining deployment builder" date="2025-09-29T18:28:46.367" >
          <step title="Builder is OryxBuilder" date="2025-09-29T18:28:46.383" /><!-- duration: 6ms -->
        </step><!-- duration: 29ms -->
        <step title="PreDeployment: context.CleanOutputPath False" date="2025-09-29T18:28:46.452" >
          <step title="PreDeployment: context.OutputPath /home/site/wwwroot" date="2025-09-29T18:28:46.595" >
            <step title="Building" date="2025-09-29T18:28:46.780" >
              <step title="Executing external process" date="2025-09-29T18:28:47.196" type="process" path="bash" arguments="-c &quot;oryx build /tmp/zipdeploy/extracted -o /home/site/wwwroot --platform python --platform-version 3.11 -p virtualenv_name=antenv --log-file /tmp/build-debug.log  -i /tmp/8ddff8606f6c969 --compress-destination-dir | tee /tmp/oryx-build.log ; exit $PIPESTATUS &quot;" >
                <step title="Cpu: gzip(1072,15.390s)+sh(1071,0.000s)+tar(1070,1.040s)+build.sh(815,0.020s)+oryx(797,1.810s)+tee(798,0.000s)+bash(796,0.000s)=total(18.260s)" date="2025-09-29T18:31:13.264" /><!-- duration: 16ms -->
                <step title="bash: no io activity for 60s, prev-cpu=-1.000s, current-cpu=18.260s" date="2025-09-29T18:31:13.290" /><!-- duration: 11ms -->
              </step><!-- duration: 173818ms -->
              <step title="Using PythonDeploymentLogParser" date="2025-09-29T18:31:41.483" /><!-- duration: 7ms -->
              <step title="Modified file to trigger a restart of the app container." date="2025-09-29T18:31:42.887" /><!-- duration: 12ms -->
              <step title="Skip function trigger and logicapp sync because function is not enabled." date="2025-09-29T18:31:42.907" /><!-- duration: 6ms -->
            </step><!-- duration: 176929ms -->
          </step><!-- duration: 177120ms -->
          <step title="Cleaning up temp files" date="2025-09-29T18:31:43.721" /><!-- duration: 3232ms -->
          <step title="Cleaning up temp files" date="2025-09-29T18:31:46.966" /><!-- duration: 507ms -->
          <step title="Reloading status file with latest updates" date="2025-09-29T18:31:47.505" >
            <step title="WebHooksManager.PublishEventAsync: PostDeployment" date="2025-09-29T18:31:47.513" /><!-- duration: 38ms -->
          </step><!-- duration: 53ms -->
          <step title="Cleaning up temporary deployment - fetch deployment was successful" date="2025-09-29T18:31:47.568" /><!-- duration: 6ms -->
        </step><!-- duration: 181195ms -->
      </step><!-- duration: 182912ms -->
