<step title="Incoming Request" date="2025-10-02T19:15:37.715" instance="9bc3e5" url="/api/deployments/latest?deployer=OneDeploy&amp;time=2025-10-02_19-14-26Z" method="GET" type="request" pid="768,1,24" Host="homed-gjbncwembghtg6c5.scm.canadacentral-01.azurewebsites.net" User-Agent="GITHUBACTIONS_DeployWebAppToAzure_650b6b91cdde6412317e2834b6c4fb49bc0a7230c2233d3392fff9691cb68c29" Authorization="Bas..." Content-Type="application/json; charset=utf-8" Cookie="ARRAffinity=9bc3e57960773edb3408c581dbfe6e2a119577c37fb6d5a2de646503cf932eae;Path=/;HttpOnly;Secure;Domain=homed-gjbncwembghtg6c5.scm.canadacentral-01.azurewebsites.net; ARRAffinitySameSite=9bc3e57960773edb3408c581dbfe6e2a119577c37fb6d5a2de646503cf932eae;Path=/;HttpOnly;SameSite=None;Secure;Domain=homed-gjbncwembghtg6c5.scm.canadacentral-01.azurewebsites.net" Content-Length="0" X-ARR-LOG-ID="cfa833f3-f88d-4bf1-a940-7773f10dbc20" CLIENT-IP="52.159.229.147:45056" X-SITE-DEPLOYMENT-ID="homed" WAS-DEFAULT-HOSTNAME="homed-gjbncwembghtg6c5.scm.canadacentral-01.azurewebsites.net" X-Forwarded-Proto="https" X-AppService-Proto="https" X-Forwarded-TlsVersion="1.3" X-WAWS-Unencoded-URL="/api/deployments/latest?deployer=OneDeploy&amp;time=2025-10-02_19-14-26Z" X-Client-IP="52.159.229.147" X-Client-Port="45056" >
  <step title="Cleanup Xml Logs" date="2025-10-02T19:15:37.717" >
    <step title="Cleanup Infos" date="2025-10-02T19:15:37.723" totalFiles="317" totalCleanup="157" /><!-- duration: 3ms -->
  </step><!-- duration: 11ms -->
  <step title="DeploymentService.GetResult" date="2025-10-02T19:15:37.730" >
    <step title="DeploymentService.GetLatestDeployment" date="2025-10-02T19:15:37.732" >
      <step title="DeploymentManager.GetResults" date="2025-10-02T19:15:37.735" /><!-- duration: 641ms -->
    </step><!-- duration: 646ms -->
  </step><!-- duration: 652ms -->
  <step title="Outgoing response" date="2025-10-02T19:15:38.387" type="response" statusCode="202" statusText="Accepted" /><!-- duration: 5ms -->
</step><!-- duration: 684ms -->
