<step title="Incoming Request" date="2025-10-02T18:59:58.900" instance="9bc3e5" url="/api/deployments/latest?deployer=OneDeploy&amp;time=2025-10-02_18-59-07Z" method="GET" type="request" pid="768,1,94" Host="homed-gjbncwembghtg6c5.scm.canadacentral-01.azurewebsites.net" User-Agent="GITHUBACTIONS_DeployWebAppToAzure_650b6b91cdde6412317e2834b6c4fb49bc0a7230c2233d3392fff9691cb68c29" Authorization="Bas..." Content-Type="application/json; charset=utf-8" Cookie="ARRAffinity=9bc3e57960773edb3408c581dbfe6e2a119577c37fb6d5a2de646503cf932eae;Path=/;HttpOnly;Secure;Domain=homed-gjbncwembghtg6c5.scm.canadacentral-01.azurewebsites.net; ARRAffinitySameSite=9bc3e57960773edb3408c581dbfe6e2a119577c37fb6d5a2de646503cf932eae;Path=/;HttpOnly;SameSite=None;Secure;Domain=homed-gjbncwembghtg6c5.scm.canadacentral-01.azurewebsites.net" Content-Length="0" X-ARR-LOG-ID="f837dd6f-1770-4c8d-809e-d47bb38cb86f" CLIENT-IP="52.176.124.180:9250" X-SITE-DEPLOYMENT-ID="homed" WAS-DEFAULT-HOSTNAME="homed-gjbncwembghtg6c5.scm.canadacentral-01.azurewebsites.net" X-Forwarded-Proto="https" X-AppService-Proto="https" X-Forwarded-TlsVersion="1.3" X-WAWS-Unencoded-URL="/api/deployments/latest?deployer=OneDeploy&amp;time=2025-10-02_18-59-07Z" X-Client-IP="52.176.124.180" X-Client-Port="9250" >
  <step title="Cleanup Xml Logs" date="2025-10-02T18:59:58.902" >
    <step title="Cleanup Infos" date="2025-10-02T18:59:58.908" totalFiles="260" totalCleanup="100" /><!-- duration: 2ms -->
  </step><!-- duration: 10ms -->
  <step title="DeploymentService.GetResult" date="2025-10-02T18:59:58.915" >
    <step title="DeploymentService.GetLatestDeployment" date="2025-10-02T18:59:58.917" >
      <step title="DeploymentManager.GetResults" date="2025-10-02T18:59:58.919" /><!-- duration: 424ms -->
    </step><!-- duration: 429ms -->
  </step><!-- duration: 433ms -->
  <step title="Outgoing response" date="2025-10-02T18:59:59.350" type="response" statusCode="202" statusText="Accepted" /><!-- duration: 2ms -->
</step><!-- duration: 453ms -->
