<step title="Incoming Request" date="2025-10-02T18:59:19.387" instance="9bc3e5" url="/api/deployments/latest?deployer=OneDeploy&amp;time=2025-10-02_18-59-07Z" method="GET" type="request" pid="768,1,94" Host="homed-gjbncwembghtg6c5.scm.canadacentral-01.azurewebsites.net" User-Agent="GITHUBACTIONS_DeployWebAppToAzure_650b6b91cdde6412317e2834b6c4fb49bc0a7230c2233d3392fff9691cb68c29" Authorization="Bas..." Content-Type="application/json; charset=utf-8" Cookie="ARRAffinity=9bc3e57960773edb3408c581dbfe6e2a119577c37fb6d5a2de646503cf932eae;Path=/;HttpOnly;Secure;Domain=homed-gjbncwembghtg6c5.scm.canadacentral-01.azurewebsites.net; ARRAffinitySameSite=9bc3e57960773edb3408c581dbfe6e2a119577c37fb6d5a2de646503cf932eae;Path=/;HttpOnly;SameSite=None;Secure;Domain=homed-gjbncwembghtg6c5.scm.canadacentral-01.azurewebsites.net" Content-Length="0" X-ARR-LOG-ID="b01c21ba-de0d-46d3-8e59-73f1cfa8758d" CLIENT-IP="52.176.124.180:9248" X-SITE-DEPLOYMENT-ID="homed" WAS-DEFAULT-HOSTNAME="homed-gjbncwembghtg6c5.scm.canadacentral-01.azurewebsites.net" X-Forwarded-Proto="https" X-AppService-Proto="https" X-Forwarded-TlsVersion="1.3" X-WAWS-Unencoded-URL="/api/deployments/latest?deployer=OneDeploy&amp;time=2025-10-02_18-59-07Z" X-Client-IP="52.176.124.180" X-Client-Port="9248" >
  <step title="Cleanup Xml Logs" date="2025-10-02T18:59:19.389" >
    <step title="Cleanup Infos" date="2025-10-02T18:59:19.395" totalFiles="253" totalCleanup="93" /><!-- duration: 16ms -->
  </step><!-- duration: 23ms -->
  <step title="DeploymentService.GetResult" date="2025-10-02T18:59:19.417" >
    <step title="DeploymentService.GetLatestDeployment" date="2025-10-02T18:59:19.419" >
      <step title="DeploymentManager.GetResults" date="2025-10-02T18:59:19.445" /><!-- duration: 445ms -->
    </step><!-- duration: 473ms -->
  </step><!-- duration: 477ms -->
  <step title="Outgoing response" date="2025-10-02T18:59:19.897" type="response" statusCode="202" statusText="Accepted" /><!-- duration: 3ms -->
</step><!-- duration: 519ms -->
