<step title="BackgroundTrace" date="2025-10-02T19:14:26.424" instance="9bc3e5" url="/api/publish" method="POST" >
  <step title="Creating temporary deployment - FetchDeploymentManager" date="2025-10-02T19:14:26.455" /><!-- duration: 2ms -->
  <step title="Creating temporary deployment" date="2025-10-02T19:14:26.459" /><!-- duration: 46ms -->
  <step title="Performing fetch based deployment" date="2025-10-02T19:14:26.518" >
    <step title="Cleaning up temp folders from previous zip deployments and extracting pushed zip file /tmp/zipdeploy/a2e3f9a0-ed00-481b-8464-e3c0f0947c89.zip (6.42 MB) to /tmp/zipdeploy/extracted" date="2025-10-02T19:14:27.653" >
      <step title="ChmodRecursive Process exited with total time taken in ms: 18" date="2025-10-02T19:14:27.767" /><!-- duration: 2ms -->
    </step><!-- duration: 118ms -->
    <step title="Deployment timer started" date="2025-10-02T19:14:29.775" >
      <step title="DeploymentManager.Deploy(id:4d143f8c-5c5e-4969-96b9-8921ccdb7e29)" date="2025-10-02T19:14:29.779" >
        <step title="Collecting changeset information" date="2025-10-02T19:14:29.786" /><!-- duration: 86ms -->
        <step title="Updating submodules" date="2025-10-02T19:14:29.875" /><!-- duration: 1105ms -->
        <step title="Determining deployment builder" date="2025-10-02T19:14:31.201" >
          <step title="Builder is OryxBuilder" date="2025-10-02T19:14:31.208" /><!-- duration: 2ms -->
        </step><!-- duration: 11ms -->
        <step title="PreDeployment: context.CleanOutputPath False" date="2025-10-02T19:14:31.255" >
          <step title="PreDeployment: context.OutputPath /home/site/wwwroot" date="2025-10-02T19:14:31.366" >
            <step title="Building" date="2025-10-02T19:14:31.495" >
              <step title="Executing external process" date="2025-10-02T19:14:31.725" type="process" path="bash" arguments="-c &quot;oryx build /tmp/zipdeploy/extracted -o /home/site/wwwroot --platform python --platform-version 3.11 -p virtualenv_name=antenv --log-file /tmp/build-debug.log  -i /tmp/8de01e7ea3d4548 --compress-destination-dir | tee /tmp/oryx-build.log ; exit $PIPESTATUS &quot;" /><!-- duration: 100591ms -->
              <step title="Using PythonDeploymentLogParser" date="2025-10-02T19:16:12.659" /><!-- duration: 3ms -->
              <step title="Modified file to trigger a restart of the app container." date="2025-10-02T19:16:13.834" /><!-- duration: 2ms -->
              <step title="Skip function trigger and logicapp sync because function is not enabled." date="2025-10-02T19:16:13.838" /><!-- duration: 2ms -->
            </step><!-- duration: 103964ms -->
          </step><!-- duration: 104094ms -->
          <step title="Cleaning up temp files" date="2025-10-02T19:16:15.462" /><!-- duration: 1839ms -->
          <step title="Cleaning up temp files" date="2025-10-02T19:16:17.304" /><!-- duration: 503ms -->
          <step title="Reloading status file with latest updates" date="2025-10-02T19:16:17.856" >
            <step title="WebHooksManager.PublishEventAsync: PostDeployment" date="2025-10-02T19:16:17.858" /><!-- duration: 19ms -->
          </step><!-- duration: 24ms -->
          <step title="Cleaning up temporary deployment - fetch deployment was successful" date="2025-10-02T19:16:17.882" /><!-- duration: 1ms -->
        </step><!-- duration: 106664ms -->
      </step><!-- duration: 108149ms -->
