<step title="Incoming Request" date="2025-09-30T07:16:13.250" instance="9bc3e5" url="/api/publish?async=true&amp;deployer=GITHUB_ONE_DEPLOY&amp;type=zip&amp;message=%7B%22type%22%3A%22deployment%22%2C%22sha%22%3A%224a76375a54c9ddc98c1a871716ca62f6d28687ca%22%2C%22repoName%22%3A%22JumaWb%2FHomed-Backend%22%2C%22actor%22%3A%22JumaWb%22%2C%22slotName%22%3A%22Production%22%2C%22commitMessage%22%3A%22Add%20or%20update%20the%20Azure%20App%20Service%20build%20and%20deployment%20workflow%20config%22%7D" method="POST" type="request" pid="768,1,43" Host="homed-gjbncwembghtg6c5.scm.canadacentral-01.azurewebsites.net" User-Agent="GITHUBACTIONS_DeployWebAppToAzure_650b6b91cdde6412317e2834b6c4fb49bc0a7230c2233d3392fff9691cb68c29" Authorization="Bas..." Content-Type="application/octet-stream" Cookie="ARRAffinity=9bc3e57960773edb3408c581dbfe6e2a119577c37fb6d5a2de646503cf932eae;Path=/;HttpOnly;Secure;Domain=homed-gjbncwembghtg6c5.scm.canadacentral-01.azurewebsites.net; ARRAffinitySameSite=9bc3e57960773edb3408c581dbfe6e2a119577c37fb6d5a2de646503cf932eae;Path=/;HttpOnly;SameSite=None;Secure;Domain=homed-gjbncwembghtg6c5.scm.canadacentral-01.azurewebsites.net" Transfer-Encoding="chunked" X-ARR-LOG-ID="1165714d-9343-4f7a-9673-0a3af5f3f68c" CLIENT-IP="172.172.158.0:44032" X-SITE-DEPLOYMENT-ID="homed" WAS-DEFAULT-HOSTNAME="homed-gjbncwembghtg6c5.scm.canadacentral-01.azurewebsites.net" X-Forwarded-Proto="https" X-AppService-Proto="https" X-Forwarded-TlsVersion="1.3" X-WAWS-Unencoded-URL="/api/publish?async=true&amp;deployer=GITHUB_ONE_DEPLOY&amp;type=zip&amp;message=%7B%22type%22%3A%22deployment%22%2C%22sha%22%3A%224a76375a54c9ddc98c1a871716ca62f6d28687ca%22%2C%22repoName%22%3A%22JumaWb%2FHomed-Backend%22%2C%22actor%22%3A%22JumaWb%22%2C%22slotName%22%3A%22Production%22%2C%22commitMessage%22%3A%22Add%20or%20update%20the%20Azure%20App%20Service%20build%20and%20deployment%20workflow%20config%22%7D" X-Client-IP="172.172.158.0" X-Client-Port="44032" >
  <step title="OneDeploy" date="2025-09-30T07:16:13.265" >
    <step title="Starting PushDeployAsync" date="2025-09-30T07:16:13.278" /><!-- duration: 6ms -->
    <step title="Writing artifact to /tmp/zipdeploy/fab117d4-3609-488b-b494-5ff546200bff.zip" date="2025-09-30T07:16:13.298" >
      <step title="Writing multipart request body to /tmp/zipdeploy/fab117d4-3609-488b-b494-5ff546200bff.zip" date="2025-09-30T07:16:13.303" /><!-- duration: 9ms -->
    </step><!-- duration: 79ms -->
    <step title="Removing previous build artifact&apos;s manifest file" date="2025-09-30T07:16:13.402" >
      <step title="Start deployment in the background" date="2025-09-30T07:16:13.419" >
        <step title="Acquiring Deployment Lock" date="2025-09-30T07:16:13.438" /><!-- duration: 9ms -->
        <step title="Acquired Deployment Lock" date="2025-09-30T07:16:13.495" /><!-- duration: 11ms -->
      </step><!-- duration: 186ms -->
    </step><!-- duration: 209ms -->
    <step title="Outgoing response" date="2025-09-30T07:16:13.619" type="response" statusCode="202" statusText="Accepted" /><!-- duration: 6ms -->
  </step><!-- duration: 366ms -->
