<step title="BackgroundTrace" date="2025-09-30T13:17:34.142" instance="9bc3e5" url="/api/publish" method="POST" >
  <step title="Creating temporary deployment - FetchDeploymentManager" date="2025-09-30T13:17:34.312" /><!-- duration: 6ms -->
  <step title="Creating temporary deployment" date="2025-09-30T13:17:34.324" /><!-- duration: 64ms -->
  <step title="Performing fetch based deployment" date="2025-09-30T13:17:34.433" >
    <step title="Cleaning up temp folders from previous zip deployments and extracting pushed zip file /tmp/zipdeploy/f358efe4-2550-428b-8a37-515be46796f0.zip (6.41 MB) to /tmp/zipdeploy/extracted" date="2025-09-30T13:17:35.671" >
      <step title="ChmodRecursive Process exited with total time taken in ms: 19" date="2025-09-30T13:17:35.790" /><!-- duration: 12ms -->
    </step><!-- duration: 137ms -->
    <step title="Deployment timer started" date="2025-09-30T13:17:37.820" >
      <step title="DeploymentManager.Deploy(id:90c3d0a2-8be9-4349-ac4c-325f150be1b8)" date="2025-09-30T13:17:37.831" >
        <step title="Collecting changeset information" date="2025-09-30T13:17:37.853" /><!-- duration: 101ms -->
        <step title="Updating submodules" date="2025-09-30T13:17:37.966" /><!-- duration: 1148ms -->
        <step title="Determining deployment builder" date="2025-09-30T13:17:39.400" >
          <step title="Builder is OryxBuilder" date="2025-09-30T13:17:39.416" /><!-- duration: 6ms -->
        </step><!-- duration: 28ms -->
        <step title="PreDeployment: context.CleanOutputPath False" date="2025-09-30T13:17:39.501" >
          <step title="PreDeployment: context.OutputPath /home/site/wwwroot" date="2025-09-30T13:17:39.643" >
            <step title="Building" date="2025-09-30T13:17:39.822" >
              <step title="Executing external process" date="2025-09-30T13:17:40.165" type="process" path="bash" arguments="-c &quot;oryx build /tmp/zipdeploy/extracted -o /home/site/wwwroot --platform python --platform-version 3.11 -p virtualenv_name=antenv --log-file /tmp/build-debug.log  -i /tmp/8de0023baff7618 --compress-destination-dir | tee /tmp/oryx-build.log ; exit $PIPESTATUS &quot;" >
                <step title="Cpu: gzip(16656,14.680s)+sh(16655,0.020s)+tar(16654,1.020s)+build.sh(16541,0.020s)+oryx(16522,1.400s)+tee(16523,0.000s)+bash(16521,0.000s)=total(17.140s)" date="2025-09-30T13:19:52.222" /><!-- duration: 17ms -->
                <step title="bash: no io activity for 61s, prev-cpu=-1.000s, current-cpu=17.140s" date="2025-09-30T13:19:52.249" /><!-- duration: 10ms -->
              </step><!-- duration: 162479ms -->
              <step title="Using PythonDeploymentLogParser" date="2025-09-30T13:20:23.062" /><!-- duration: 8ms -->
              <step title="Modified file to trigger a restart of the app container." date="2025-09-30T13:20:24.490" /><!-- duration: 11ms -->
              <step title="Skip function trigger and logicapp sync because function is not enabled." date="2025-09-30T13:20:24.507" /><!-- duration: 6ms -->
            </step><!-- duration: 165601ms -->
          </step><!-- duration: 165786ms -->
          <step title="Cleaning up temp files" date="2025-09-30T13:20:25.435" /><!-- duration: 2043ms -->
          <step title="Cleaning up temp files" date="2025-09-30T13:20:27.489" /><!-- duration: 508ms -->
          <step title="Reloading status file with latest updates" date="2025-09-30T13:20:28.044" >
            <step title="WebHooksManager.PublishEventAsync: PostDeployment" date="2025-09-30T13:20:28.052" /><!-- duration: 48ms -->
          </step><!-- duration: 64ms -->
          <step title="Cleaning up temporary deployment - fetch deployment was successful" date="2025-09-30T13:20:28.119" /><!-- duration: 7ms -->
        </step><!-- duration: 168693ms -->
      </step><!-- duration: 170393ms -->
