<step title="Incoming Request" date="2025-10-01T13:09:43.940" instance="9bc3e5" url="/api/publish?async=true&amp;deployer=GITHUB_ONE_DEPLOY&amp;type=zip&amp;message=%7B%22type%22%3A%22deployment%22%2C%22sha%22%3A%22433eadd811d2944b2fef0f6ce2cec40db477386b%22%2C%22repoName%22%3A%22JumaWb%2FHomed-Backend%22%2C%22actor%22%3A%22JumaWb%22%2C%22slotName%22%3A%22Production%22%2C%22commitMessage%22%3A%22updated%20email%20utilis%22%7D" method="POST" type="request" pid="768,1,79" Host="homed-gjbncwembghtg6c5.scm.canadacentral-01.azurewebsites.net" User-Agent="GITHUBACTIONS_DeployWebAppToAzure_650b6b91cdde6412317e2834b6c4fb49bc0a7230c2233d3392fff9691cb68c29" Authorization="Bas..." Content-Type="application/octet-stream" Cookie="ARRAffinity=9bc3e57960773edb3408c581dbfe6e2a119577c37fb6d5a2de646503cf932eae;Path=/;HttpOnly;Secure;Domain=homed-gjbncwembghtg6c5.scm.canadacentral-01.azurewebsites.net; ARRAffinitySameSite=9bc3e57960773edb3408c581dbfe6e2a119577c37fb6d5a2de646503cf932eae;Path=/;HttpOnly;SameSite=None;Secure;Domain=homed-gjbncwembghtg6c5.scm.canadacentral-01.azurewebsites.net" Transfer-Encoding="chunked" X-ARR-LOG-ID="78fdc3db-57ce-4e17-9143-6e9b44859c16" CLIENT-IP="64.236.141.181:31792" X-SITE-DEPLOYMENT-ID="homed" WAS-DEFAULT-HOSTNAME="homed-gjbncwembghtg6c5.scm.canadacentral-01.azurewebsites.net" X-Forwarded-Proto="https" X-AppService-Proto="https" X-Forwarded-TlsVersion="1.3" X-WAWS-Unencoded-URL="/api/publish?async=true&amp;deployer=GITHUB_ONE_DEPLOY&amp;type=zip&amp;message=%7B%22type%22%3A%22deployment%22%2C%22sha%22%3A%22433eadd811d2944b2fef0f6ce2cec40db477386b%22%2C%22repoName%22%3A%22JumaWb%2FHomed-Backend%22%2C%22actor%22%3A%22JumaWb%22%2C%22slotName%22%3A%22Production%22%2C%22commitMessage%22%3A%22updated%20email%20utilis%22%7D" X-Client-IP="64.236.141.181" X-Client-Port="31792" >
  <step title="OneDeploy" date="2025-10-01T13:09:43.961" >
    <step title="None repository commit" date="2025-10-01T13:09:43.982" >
      <step title="Commit id: b8c2d1e0-15f2-42fc-84bd-d45dc99725bb" date="2025-10-01T13:09:43.987" Message="N/A" AuthorName="N/A" AuthorEmail="N/A" /><!-- duration: 2ms -->
    </step><!-- duration: 8ms -->
    <step title="Starting PushDeployAsync" date="2025-10-01T13:09:43.992" /><!-- duration: 2ms -->
    <step title="Writing artifact to /tmp/zipdeploy/b13897ac-be85-49b3-9712-6e09a603540c.zip" date="2025-10-01T13:09:44.007" >
      <step title="Writing multipart request body to /tmp/zipdeploy/b13897ac-be85-49b3-9712-6e09a603540c.zip" date="2025-10-01T13:09:44.010" /><!-- duration: 5ms -->
    </step><!-- duration: 77ms -->
    <step title="Removing previous build artifact&apos;s manifest file" date="2025-10-01T13:09:44.086" >
      <step title="Start deployment in the background" date="2025-10-01T13:09:44.093" >
        <step title="Acquiring Deployment Lock" date="2025-10-01T13:09:44.103" /><!-- duration: 2ms -->
        <step title="Acquired Deployment Lock" date="2025-10-01T13:09:44.139" /><!-- duration: 2ms -->
      </step><!-- duration: 140ms -->
    </step><!-- duration: 150ms -->
    <step title="Outgoing response" date="2025-10-01T13:09:44.242" type="response" statusCode="202" statusText="Accepted" /><!-- duration: 2ms -->
  </step><!-- duration: 284ms -->
