<step title="Incoming Request" date="2025-10-01T13:09:50.009" instance="9bc3e5" url="/api/deployments/latest?deployer=OneDeploy&amp;time=2025-10-01_13-09-44Z" method="GET" type="request" pid="768,1,81" Host="homed-gjbncwembghtg6c5.scm.canadacentral-01.azurewebsites.net" User-Agent="GITHUBACTIONS_DeployWebAppToAzure_650b6b91cdde6412317e2834b6c4fb49bc0a7230c2233d3392fff9691cb68c29" Authorization="Bas..." Content-Type="application/json; charset=utf-8" Cookie="ARRAffinity=9bc3e57960773edb3408c581dbfe6e2a119577c37fb6d5a2de646503cf932eae;Path=/;HttpOnly;Secure;Domain=homed-gjbncwembghtg6c5.scm.canadacentral-01.azurewebsites.net; ARRAffinitySameSite=9bc3e57960773edb3408c581dbfe6e2a119577c37fb6d5a2de646503cf932eae;Path=/;HttpOnly;SameSite=None;Secure;Domain=homed-gjbncwembghtg6c5.scm.canadacentral-01.azurewebsites.net" Content-Length="0" X-ARR-LOG-ID="28890ef9-493f-4e32-8f36-080b605a2853" CLIENT-IP="64.236.141.181:31793" X-SITE-DEPLOYMENT-ID="homed" WAS-DEFAULT-HOSTNAME="homed-gjbncwembghtg6c5.scm.canadacentral-01.azurewebsites.net" X-Forwarded-Proto="https" X-AppService-Proto="https" X-Forwarded-TlsVersion="1.3" X-WAWS-Unencoded-URL="/api/deployments/latest?deployer=OneDeploy&amp;time=2025-10-01_13-09-44Z" X-Client-IP="64.236.141.181" X-Client-Port="31793" >
  <step title="Cleanup Xml Logs" date="2025-10-01T13:09:50.012" >
    <step title="Cleanup Infos" date="2025-10-01T13:09:50.023" totalFiles="224" totalCleanup="64" /><!-- duration: 9ms -->
  </step><!-- duration: 23ms -->
  <step title="DeploymentService.GetResult" date="2025-10-01T13:09:50.046" >
    <step title="DeploymentService.GetLatestDeployment" date="2025-10-01T13:09:50.049" >
      <step title="DeploymentManager.GetResults" date="2025-10-01T13:09:50.056" /><!-- duration: 452ms -->
    </step><!-- duration: 461ms -->
  </step><!-- duration: 466ms -->
  <step title="Outgoing response" date="2025-10-01T13:09:50.515" type="response" statusCode="202" statusText="Accepted" /><!-- duration: 4ms -->
</step><!-- duration: 513ms -->
