<step title="Incoming Request" date="2025-10-02T19:12:13.638" instance="9bc3e5" url="/api/deployments/latest?deployer=OneDeploy&amp;time=2025-10-02_19-11-38Z" method="GET" type="request" pid="768,1,25" Host="homed-gjbncwembghtg6c5.scm.canadacentral-01.azurewebsites.net" User-Agent="GITHUBACTIONS_DeployWebAppToAzure_650b6b91cdde6412317e2834b6c4fb49bc0a7230c2233d3392fff9691cb68c29" Authorization="Bas..." Content-Type="application/json; charset=utf-8" Cookie="ARRAffinity=9bc3e57960773edb3408c581dbfe6e2a119577c37fb6d5a2de646503cf932eae;Path=/;HttpOnly;Secure;Domain=homed-gjbncwembghtg6c5.scm.canadacentral-01.azurewebsites.net; ARRAffinitySameSite=9bc3e57960773edb3408c581dbfe6e2a119577c37fb6d5a2de646503cf932eae;Path=/;HttpOnly;SameSite=None;Secure;Domain=homed-gjbncwembghtg6c5.scm.canadacentral-01.azurewebsites.net" Content-Length="0" X-ARR-LOG-ID="e3006362-853c-408b-8513-3e1fba2a5c01" CLIENT-IP="52.225.25.103:59456" X-SITE-DEPLOYMENT-ID="homed" WAS-DEFAULT-HOSTNAME="homed-gjbncwembghtg6c5.scm.canadacentral-01.azurewebsites.net" X-Forwarded-Proto="https" X-AppService-Proto="https" X-Forwarded-TlsVersion="1.3" X-WAWS-Unencoded-URL="/api/deployments/latest?deployer=OneDeploy&amp;time=2025-10-02_19-11-38Z" X-Client-IP="52.225.25.103" X-Client-Port="59456" >
  <step title="Cleanup Xml Logs" date="2025-10-02T19:12:13.645" >
    <step title="Cleanup Infos" date="2025-10-02T19:12:13.660" totalFiles="284" totalCleanup="124" /><!-- duration: 15ms -->
  </step><!-- duration: 34ms -->
  <step title="DeploymentService.GetResult" date="2025-10-02T19:12:13.695" >
    <step title="DeploymentService.GetLatestDeployment" date="2025-10-02T19:12:13.697" >
      <step title="DeploymentManager.GetResults" date="2025-10-02T19:12:13.700" /><!-- duration: 843ms -->
    </step><!-- duration: 849ms -->
  </step><!-- duration: 853ms -->
  <step title="Outgoing response" date="2025-10-02T19:12:14.554" type="response" statusCode="202" statusText="Accepted" /><!-- duration: 2ms -->
</step><!-- duration: 920ms -->
