<step title="Incoming Request" date="2025-10-02T19:11:50.090" instance="9bc3e5" url="/api/deployments/latest?deployer=OneDeploy&amp;time=2025-10-02_19-11-38Z" method="GET" type="request" pid="768,1,25" Host="homed-gjbncwembghtg6c5.scm.canadacentral-01.azurewebsites.net" User-Agent="GITHUBACTIONS_DeployWebAppToAzure_650b6b91cdde6412317e2834b6c4fb49bc0a7230c2233d3392fff9691cb68c29" Authorization="Bas..." Content-Type="application/json; charset=utf-8" Cookie="ARRAffinity=9bc3e57960773edb3408c581dbfe6e2a119577c37fb6d5a2de646503cf932eae;Path=/;HttpOnly;Secure;Domain=homed-gjbncwembghtg6c5.scm.canadacentral-01.azurewebsites.net; ARRAffinitySameSite=9bc3e57960773edb3408c581dbfe6e2a119577c37fb6d5a2de646503cf932eae;Path=/;HttpOnly;SameSite=None;Secure;Domain=homed-gjbncwembghtg6c5.scm.canadacentral-01.azurewebsites.net" Content-Length="0" X-ARR-LOG-ID="1447d7b7-53c0-48bc-89a3-18ffffbbe773" CLIENT-IP="52.225.25.103:59456" X-SITE-DEPLOYMENT-ID="homed" WAS-DEFAULT-HOSTNAME="homed-gjbncwembghtg6c5.scm.canadacentral-01.azurewebsites.net" X-Forwarded-Proto="https" X-AppService-Proto="https" X-Forwarded-TlsVersion="1.3" X-WAWS-Unencoded-URL="/api/deployments/latest?deployer=OneDeploy&amp;time=2025-10-02_19-11-38Z" X-Client-IP="52.225.25.103" X-Client-Port="59456" >
  <step title="Cleanup Xml Logs" date="2025-10-02T19:11:50.092" >
    <step title="Cleanup Infos" date="2025-10-02T19:11:50.098" totalFiles="280" totalCleanup="120" /><!-- duration: 3ms -->
  </step><!-- duration: 11ms -->
  <step title="DeploymentService.GetResult" date="2025-10-02T19:11:50.107" >
    <step title="DeploymentService.GetLatestDeployment" date="2025-10-02T19:11:50.109" >
      <step title="DeploymentManager.GetResults" date="2025-10-02T19:11:50.111" /><!-- duration: 586ms -->
    </step><!-- duration: 591ms -->
  </step><!-- duration: 595ms -->
  <step title="Outgoing response" date="2025-10-02T19:11:50.705" type="response" statusCode="202" statusText="Accepted" /><!-- duration: 3ms -->
</step><!-- duration: 619ms -->
