<step title="Incoming Request" date="2025-09-30T19:45:16.874" instance="9bc3e5" url="/api/deployments/latest?deployer=OneDeploy&amp;time=2025-09-30_19-43-21Z" method="GET" type="request" pid="768,1,18" Host="homed-gjbncwembghtg6c5.scm.canadacentral-01.azurewebsites.net" User-Agent="GITHUBACTIONS_DeployWebAppToAzure_650b6b91cdde6412317e2834b6c4fb49bc0a7230c2233d3392fff9691cb68c29" Authorization="Bas..." Content-Type="application/json; charset=utf-8" Cookie="ARRAffinity=9bc3e57960773edb3408c581dbfe6e2a119577c37fb6d5a2de646503cf932eae;Path=/;HttpOnly;Secure;Domain=homed-gjbncwembghtg6c5.scm.canadacentral-01.azurewebsites.net; ARRAffinitySameSite=9bc3e57960773edb3408c581dbfe6e2a119577c37fb6d5a2de646503cf932eae;Path=/;HttpOnly;SameSite=None;Secure;Domain=homed-gjbncwembghtg6c5.scm.canadacentral-01.azurewebsites.net" Content-Length="0" X-ARR-LOG-ID="c1a11b4d-1f36-49ea-be8e-512bc01c8a80" CLIENT-IP="52.173.237.212:29730" X-SITE-DEPLOYMENT-ID="homed" WAS-DEFAULT-HOSTNAME="homed-gjbncwembghtg6c5.scm.canadacentral-01.azurewebsites.net" X-Forwarded-Proto="https" X-AppService-Proto="https" X-Forwarded-TlsVersion="1.3" X-WAWS-Unencoded-URL="/api/deployments/latest?deployer=OneDeploy&amp;time=2025-09-30_19-43-21Z" X-Client-IP="52.173.237.212" X-Client-Port="29730" >
  <step title="Cleanup Xml Logs" date="2025-09-30T19:45:16.881" >
    <step title="Cleanup Infos" date="2025-09-30T19:45:16.901" totalFiles="207" totalCleanup="47" /><!-- duration: 9ms -->
  </step><!-- duration: 39ms -->
  <step title="DeploymentService.GetResult" date="2025-09-30T19:45:16.941" >
    <step title="DeploymentService.GetLatestDeployment" date="2025-09-30T19:45:16.947" >
      <step title="DeploymentManager.GetResults" date="2025-09-30T19:45:16.956" /><!-- duration: 535ms -->
    </step><!-- duration: 553ms -->
  </step><!-- duration: 569ms -->
  <step title="Outgoing response" date="2025-09-30T19:45:17.518" type="response" statusCode="202" statusText="Accepted" /><!-- duration: 9ms -->
</step><!-- duration: 663ms -->
