<step title="Incoming Request" date="2025-10-02T18:59:13.567" instance="9bc3e5" url="/api/deployments/latest?deployer=OneDeploy&amp;time=2025-10-02_18-59-07Z" method="GET" type="request" pid="768,1,93" Host="homed-gjbncwembghtg6c5.scm.canadacentral-01.azurewebsites.net" User-Agent="GITHUBACTIONS_DeployWebAppToAzure_650b6b91cdde6412317e2834b6c4fb49bc0a7230c2233d3392fff9691cb68c29" Authorization="Bas..." Content-Type="application/json; charset=utf-8" Cookie="ARRAffinity=9bc3e57960773edb3408c581dbfe6e2a119577c37fb6d5a2de646503cf932eae;Path=/;HttpOnly;Secure;Domain=homed-gjbncwembghtg6c5.scm.canadacentral-01.azurewebsites.net; ARRAffinitySameSite=9bc3e57960773edb3408c581dbfe6e2a119577c37fb6d5a2de646503cf932eae;Path=/;HttpOnly;SameSite=None;Secure;Domain=homed-gjbncwembghtg6c5.scm.canadacentral-01.azurewebsites.net" Content-Length="0" X-ARR-LOG-ID="bf265458-72d7-40a6-b2f9-2c41710be3b4" CLIENT-IP="52.176.124.180:9249" X-SITE-DEPLOYMENT-ID="homed" WAS-DEFAULT-HOSTNAME="homed-gjbncwembghtg6c5.scm.canadacentral-01.azurewebsites.net" X-Forwarded-Proto="https" X-AppService-Proto="https" X-Forwarded-TlsVersion="1.3" X-WAWS-Unencoded-URL="/api/deployments/latest?deployer=OneDeploy&amp;time=2025-10-02_18-59-07Z" X-Client-IP="52.176.124.180" X-Client-Port="9249" >
  <step title="Cleanup Xml Logs" date="2025-10-02T18:59:13.568" >
    <step title="Cleanup Infos" date="2025-10-02T18:59:13.574" totalFiles="252" totalCleanup="92" /><!-- duration: 3ms -->
  </step><!-- duration: 10ms -->
  <step title="DeploymentService.GetResult" date="2025-10-02T18:59:13.583" >
    <step title="DeploymentService.GetLatestDeployment" date="2025-10-02T18:59:13.585" >
      <step title="DeploymentManager.GetResults" date="2025-10-02T18:59:13.586" /><!-- duration: 646ms -->
    </step><!-- duration: 650ms -->
  </step><!-- duration: 654ms -->
  <step title="Outgoing response" date="2025-10-02T18:59:14.240" type="response" statusCode="202" statusText="Accepted" /><!-- duration: 17ms -->
</step><!-- duration: 693ms -->
