<step title="Incoming Request" date="2025-09-30T13:02:29.710" instance="9bc3e5" url="/api/publish?async=true&amp;deployer=GITHUB_ONE_DEPLOY&amp;type=zip&amp;message=%7B%22type%22%3A%22deployment%22%2C%22sha%22%3A%2246a0c1998eb77de36e21701bda67f47a0b55efd2%22%2C%22repoName%22%3A%22JumaWb%2FHomed-Backend%22%2C%22actor%22%3A%22JumaWb%22%2C%22slotName%22%3A%22Production%22%2C%22commitMessage%22%3A%22Add%20admin%20endpoint%20to%20delete%20all%20database%20data%5Cn%5CnAdded%20POST%20%2Fadmin%2Fdelete-all-data%20endpoint%20that%3A%5Cn-%20Requires%20admin%20authentication%5Cn-%20Deletes%20all%20data%20from%20all%20tables%5Cn-%20Temporarily%20disables%20foreign%20key%20constraints%5Cn-%20Returns%20detailed%20deletion%20report%5Cn%5Cn%F0%9F%A4%96%20Generated%20with%20%5BClaude%20Code%5D(https%3A%2F%2Fclaude.com%2Fclaude-code)%5Cn%5CnCo-Authored-By%3A%20Claude%20%3Cnoreply%40anthropic.com%3E%22%7D" method="POST" type="request" pid="768,1,83" Host="homed-gjbncwembghtg6c5.scm.canadacentral-01.azurewebsites.net" User-Agent="GITHUBACTIONS_DeployWebAppToAzure_650b6b91cdde6412317e2834b6c4fb49bc0a7230c2233d3392fff9691cb68c29" Authorization="Bas..." Content-Type="application/octet-stream" Cookie="ARRAffinity=9bc3e57960773edb3408c581dbfe6e2a119577c37fb6d5a2de646503cf932eae;Path=/;HttpOnly;Secure;Domain=homed-gjbncwembghtg6c5.scm.canadacentral-01.azurewebsites.net; ARRAffinitySameSite=9bc3e57960773edb3408c581dbfe6e2a119577c37fb6d5a2de646503cf932eae;Path=/;HttpOnly;SameSite=None;Secure;Domain=homed-gjbncwembghtg6c5.scm.canadacentral-01.azurewebsites.net" Transfer-Encoding="chunked" X-ARR-LOG-ID="f4d61f18-b0a6-4ee0-bf39-d816af4fd1f1" CLIENT-IP="172.208.127.35:47104" X-SITE-DEPLOYMENT-ID="homed" WAS-DEFAULT-HOSTNAME="homed-gjbncwembghtg6c5.scm.canadacentral-01.azurewebsites.net" X-Forwarded-Proto="https" X-AppService-Proto="https" X-Forwarded-TlsVersion="1.3" X-WAWS-Unencoded-URL="/api/publish?async=true&amp;deployer=GITHUB_ONE_DEPLOY&amp;type=zip&amp;message=%7B%22type%22%3A%22deployment%22%2C%22sha%22%3A%2246a0c1998eb77de36e21701bda67f47a0b55efd2%22%2C%22repoName%22%3A%22JumaWb%2FHomed-Backend%22%2C%22actor%22%3A%22JumaWb%22%2C%22slotName%22%3A%22Production%22%2C%22commitMessage%22%3A%22Add%20admin%20endpoint%20to%20delete%20all%20database%20data%5Cn%5CnAdded%20POST%20%2Fadmin%2Fdelete-all-data%20endpoint%20that%3A%5Cn-%20Requires%20admin%20authentication%5Cn-%20Deletes%20all%20data%20from%20all%20tables%5Cn-%20Temporarily%20disables%20foreign%20key%20constraints%5Cn-%20Returns%20detailed%20deletion%20report%5Cn%5Cn%F0%9F%A4%96%20Generated%20with%20%5BClaude%20Code%5D(https%3A%2F%2Fclaude.com%2Fclaude-code)%5Cn%5CnCo-Authored-By%3A%20Claude%20%3Cnoreply%40anthropic.com%3E%22%7D" X-Client-IP="172.208.127.35" X-Client-Port="47104" >
  <step title="OneDeploy" date="2025-09-30T13:02:29.723" >
    <step title="Starting PushDeployAsync" date="2025-09-30T13:02:29.735" /><!-- duration: 7ms -->
    <step title="Writing artifact to /tmp/zipdeploy/234a8310-bd18-4201-ae69-b6982614bfd6.zip" date="2025-09-30T13:02:29.752" >
      <step title="Writing multipart request body to /tmp/zipdeploy/234a8310-bd18-4201-ae69-b6982614bfd6.zip" date="2025-09-30T13:02:29.759" /><!-- duration: 6ms -->
    </step><!-- duration: 106ms -->
    <step title="Removing previous build artifact&apos;s manifest file" date="2025-09-30T13:02:29.878" >
      <step title="Start deployment in the background" date="2025-09-30T13:02:29.895" >
        <step title="Acquiring Deployment Lock" date="2025-09-30T13:02:29.911" /><!-- duration: 6ms -->
        <step title="Acquired Deployment Lock" date="2025-09-30T13:02:29.970" /><!-- duration: 9ms -->
      </step><!-- duration: 174ms -->
    </step><!-- duration: 198ms -->
    <step title="Outgoing response" date="2025-09-30T13:02:30.081" type="response" statusCode="202" statusText="Accepted" /><!-- duration: 8ms -->
  </step><!-- duration: 372ms -->
