<step title="BackgroundTrace" date="2025-09-30T07:41:00.289" instance="9bc3e5" url="/api/publish" method="POST" >
  <step title="Creating temporary deployment - FetchDeploymentManager" date="2025-09-30T07:41:00.367" /><!-- duration: 6ms -->
  <step title="Creating temporary deployment" date="2025-09-30T07:41:00.408" /><!-- duration: 89ms -->
  <step title="Performing fetch based deployment" date="2025-09-30T07:41:00.543" >
    <step title="Cleaning up temp folders from previous zip deployments and extracting pushed zip file /tmp/zipdeploy/fc52f530-96be-4f4d-9c4f-8a6d1e05d09b.zip (6.40 MB) to /tmp/zipdeploy/extracted" date="2025-09-30T07:41:01.774" >
      <step title="ChmodRecursive Process exited with total time taken in ms: 20" date="2025-09-30T07:41:01.893" /><!-- duration: 6ms -->
    </step><!-- duration: 130ms -->
    <step title="Deployment timer started" date="2025-09-30T07:41:03.918" >
      <step title="DeploymentManager.Deploy(id:14ea0bf8-d0b5-42c4-95c9-8ff2da4145f5)" date="2025-09-30T07:41:03.929" >
        <step title="Collecting changeset information" date="2025-09-30T07:41:03.950" /><!-- duration: 106ms -->
        <step title="Updating submodules" date="2025-09-30T07:41:04.068" /><!-- duration: 1155ms -->
        <step title="Determining deployment builder" date="2025-09-30T07:41:05.499" >
          <step title="Builder is OryxBuilder" date="2025-09-30T07:41:05.514" /><!-- duration: 6ms -->
        </step><!-- duration: 28ms -->
        <step title="PreDeployment: context.CleanOutputPath False" date="2025-09-30T07:41:05.594" >
          <step title="PreDeployment: context.OutputPath /home/site/wwwroot" date="2025-09-30T07:41:05.752" >
            <step title="Building" date="2025-09-30T07:41:05.929" >
              <step title="Executing external process" date="2025-09-30T07:41:06.312" type="process" path="bash" arguments="-c &quot;oryx build /tmp/zipdeploy/extracted -o /home/site/wwwroot --platform python --platform-version 3.11 -p virtualenv_name=antenv --log-file /tmp/build-debug.log  -i /tmp/8ddfff4b67e94ff --compress-destination-dir | tee /tmp/oryx-build.log ; exit $PIPESTATUS &quot;" >
                <step title="Cpu: gzip(11929,14.300s)+sh(11928,0.020s)+tar(11927,1.020s)+build.sh(11808,0.020s)+oryx(11788,1.350s)+tee(11789,0.000s)+bash(11787,0.000s)=total(16.710s)" date="2025-09-30T07:43:22.358" /><!-- duration: 19ms -->
                <step title="bash: no io activity for 60s, prev-cpu=-1.000s, current-cpu=16.710s" date="2025-09-30T07:43:22.388" /><!-- duration: 10ms -->
              </step><!-- duration: 168205ms -->
              <step title="Using PythonDeploymentLogParser" date="2025-09-30T07:43:54.917" /><!-- duration: 7ms -->
              <step title="Modified file to trigger a restart of the app container." date="2025-09-30T07:43:56.184" /><!-- duration: 10ms -->
              <step title="Skip function trigger and logicapp sync because function is not enabled." date="2025-09-30T07:43:56.200" /><!-- duration: 6ms -->
            </step><!-- duration: 171152ms -->
          </step><!-- duration: 171335ms -->
          <step title="Cleaning up temp files" date="2025-09-30T07:43:57.093" /><!-- duration: 4862ms -->
          <step title="Cleaning up temp files" date="2025-09-30T07:44:01.978" /><!-- duration: 518ms -->
          <step title="Reloading status file with latest updates" date="2025-09-30T07:44:02.556" >
            <step title="WebHooksManager.PublishEventAsync: PostDeployment" date="2025-09-30T07:44:02.568" /><!-- duration: 36ms -->
          </step><!-- duration: 69ms -->
          <step title="Cleaning up temporary deployment - fetch deployment was successful" date="2025-09-30T07:44:02.636" /><!-- duration: 6ms -->
        </step><!-- duration: 177146ms -->
      </step><!-- duration: 178868ms -->
