<step title="Incoming Request" date="2025-09-30T19:44:36.360" instance="9bc3e5" url="/api/deployments/latest?deployer=OneDeploy&amp;time=2025-09-30_19-43-21Z" method="GET" type="request" pid="768,1,84" Host="homed-gjbncwembghtg6c5.scm.canadacentral-01.azurewebsites.net" User-Agent="GITHUBACTIONS_DeployWebAppToAzure_650b6b91cdde6412317e2834b6c4fb49bc0a7230c2233d3392fff9691cb68c29" Authorization="Bas..." Content-Type="application/json; charset=utf-8" Cookie="ARRAffinity=9bc3e57960773edb3408c581dbfe6e2a119577c37fb6d5a2de646503cf932eae;Path=/;HttpOnly;Secure;Domain=homed-gjbncwembghtg6c5.scm.canadacentral-01.azurewebsites.net; ARRAffinitySameSite=9bc3e57960773edb3408c581dbfe6e2a119577c37fb6d5a2de646503cf932eae;Path=/;HttpOnly;SameSite=None;Secure;Domain=homed-gjbncwembghtg6c5.scm.canadacentral-01.azurewebsites.net" Content-Length="0" X-ARR-LOG-ID="54a179a7-fd4c-4a02-aa61-b06fc0aed08d" CLIENT-IP="52.173.237.212:29728" X-SITE-DEPLOYMENT-ID="homed" WAS-DEFAULT-HOSTNAME="homed-gjbncwembghtg6c5.scm.canadacentral-01.azurewebsites.net" X-Forwarded-Proto="https" X-AppService-Proto="https" X-Forwarded-TlsVersion="1.3" X-WAWS-Unencoded-URL="/api/deployments/latest?deployer=OneDeploy&amp;time=2025-09-30_19-43-21Z" X-Client-IP="52.173.237.212" X-Client-Port="29728" >
  <step title="Cleanup Xml Logs" date="2025-09-30T19:44:36.368" >
    <step title="Cleanup Infos" date="2025-09-30T19:44:36.400" totalFiles="200" totalCleanup="40" /><!-- duration: 25ms -->
  </step><!-- duration: 66ms -->
  <step title="DeploymentService.GetResult" date="2025-09-30T19:44:36.466" >
    <step title="DeploymentService.GetLatestDeployment" date="2025-09-30T19:44:36.477" >
      <step title="DeploymentManager.GetResults" date="2025-09-30T19:44:36.489" /><!-- duration: 634ms -->
    </step><!-- duration: 656ms -->
  </step><!-- duration: 677ms -->
  <step title="Outgoing response" date="2025-09-30T19:44:37.153" type="response" statusCode="202" statusText="Accepted" /><!-- duration: 12ms -->
</step><!-- duration: 820ms -->
