<step title="Incoming Request" date="2025-09-29T18:28:40.862" instance="9bc3e5" url="/api/publish?async=true&amp;deployer=GITHUB_ONE_DEPLOY&amp;type=zip&amp;message=%7B%22type%22%3A%22deployment%22%2C%22sha%22%3A%22a18e2a505ee611649c2db8692e80bb3543237194%22%2C%22repoName%22%3A%22JumaWb%2FHomed-Backend%22%2C%22actor%22%3A%22JumaWb%22%2C%22slotName%22%3A%22Production%22%2C%22commitMessage%22%3A%22Add%20or%20update%20the%20Azure%20App%20Service%20build%20and%20deployment%20workflow%20config%22%7D" method="POST" type="request" pid="768,1,7" Host="homed-gjbncwembghtg6c5.scm.canadacentral-01.azurewebsites.net" User-Agent="GITHUBACTIONS_DeployWebAppToAzure_650b6b91cdde6412317e2834b6c4fb49bc0a7230c2233d3392fff9691cb68c29" Authorization="Bas..." Content-Type="application/octet-stream" Cookie="ARRAffinity=9bc3e57960773edb3408c581dbfe6e2a119577c37fb6d5a2de646503cf932eae;Path=/;HttpOnly;Secure;Domain=homed-gjbncwembghtg6c5.scm.canadacentral-01.azurewebsites.net; ARRAffinitySameSite=9bc3e57960773edb3408c581dbfe6e2a119577c37fb6d5a2de646503cf932eae;Path=/;HttpOnly;SameSite=None;Secure;Domain=homed-gjbncwembghtg6c5.scm.canadacentral-01.azurewebsites.net" Transfer-Encoding="chunked" X-ARR-LOG-ID="02ce4718-1dc8-40c5-ab61-6208c348b0d4" CLIENT-IP="128.24.161.23:21552" X-SITE-DEPLOYMENT-ID="homed" WAS-DEFAULT-HOSTNAME="homed-gjbncwembghtg6c5.scm.canadacentral-01.azurewebsites.net" X-Forwarded-Proto="https" X-AppService-Proto="https" X-Forwarded-TlsVersion="1.3" X-WAWS-Unencoded-URL="/api/publish?async=true&amp;deployer=GITHUB_ONE_DEPLOY&amp;type=zip&amp;message=%7B%22type%22%3A%22deployment%22%2C%22sha%22%3A%22a18e2a505ee611649c2db8692e80bb3543237194%22%2C%22repoName%22%3A%22JumaWb%2FHomed-Backend%22%2C%22actor%22%3A%22JumaWb%22%2C%22slotName%22%3A%22Production%22%2C%22commitMessage%22%3A%22Add%20or%20update%20the%20Azure%20App%20Service%20build%20and%20deployment%20workflow%20config%22%7D" X-Client-IP="128.24.161.23" X-Client-Port="21552" >
  <step title="OneDeploy" date="2025-09-29T18:28:40.914" >
    <step title="None repository commit" date="2025-09-29T18:28:40.929" >
      <step title="Commit id: a1063b44-b81c-439a-9e68-4737328bc23a" date="2025-09-29T18:28:40.935" Message="N/A" AuthorName="N/A" AuthorEmail="N/A" /><!-- duration: 6ms -->
    </step><!-- duration: 18ms -->
    <step title="Starting PushDeployAsync" date="2025-09-29T18:28:40.954" /><!-- duration: 6ms -->
    <step title="Writing artifact to /tmp/zipdeploy/fceb79bf-08ef-4ff9-bc81-25e64e252eae.zip" date="2025-09-29T18:28:40.980" >
      <step title="Writing multipart request body to /tmp/zipdeploy/fceb79bf-08ef-4ff9-bc81-25e64e252eae.zip" date="2025-09-29T18:28:40.986" /><!-- duration: 8ms -->
    </step><!-- duration: 168ms -->
    <step title="Start deployment in the background" date="2025-09-29T18:28:41.163" >
      <step title="Acquiring Deployment Lock" date="2025-09-29T18:28:41.179" /><!-- duration: 6ms -->
      <step title="Acquired Deployment Lock" date="2025-09-29T18:28:41.224" /><!-- duration: 7ms -->
    </step><!-- duration: 176ms -->
  </step><!-- duration: 434ms -->
  <step title="Outgoing response" date="2025-09-29T18:28:41.374" type="response" statusCode="202" statusText="Accepted" /><!-- duration: 9ms -->
</step><!-- duration: 528ms -->
