<step title="Incoming Request" date="2025-09-30T13:17:33.523" instance="9bc3e5" url="/api/publish?async=true&amp;deployer=GITHUB_ONE_DEPLOY&amp;type=zip&amp;message=%7B%22type%22%3A%22deployment%22%2C%22sha%22%3A%22d9454369053b6b180591ae420bae519a948a531d%22%2C%22repoName%22%3A%22JumaWb%2FHomed-Backend%22%2C%22actor%22%3A%22JumaWb%22%2C%22slotName%22%3A%22Production%22%2C%22commitMessage%22%3A%22Add%20wsgi.py%20entry%20point%20for%20Azure%20deployment%5Cn%5CnCreates%20a%20proper%20WSGI%20entry%20point%20that%20gunicorn%20can%20import.%5CnThis%20fixes%20the%20%5C%22ModuleNotFoundError%3A%20No%20module%20named%20%27run%27%5C%22%20error.%5Cn%5Cn%F0%9F%A4%96%20Generated%20with%20%5BClaude%20Code%5D(https%3A%2F%2Fclaude.com%2Fclaude-code)%5Cn%5CnCo-Authored-By%3A%20Claude%20%3Cnoreply%40anthropic.com%3E%22%7D" method="POST" type="request" pid="768,1,79" Host="homed-gjbncwembghtg6c5.scm.canadacentral-01.azurewebsites.net" User-Agent="GITHUBACTIONS_DeployWebAppToAzure_650b6b91cdde6412317e2834b6c4fb49bc0a7230c2233d3392fff9691cb68c29" Authorization="Bas..." Content-Type="application/octet-stream" Cookie="ARRAffinity=9bc3e57960773edb3408c581dbfe6e2a119577c37fb6d5a2de646503cf932eae;Path=/;HttpOnly;Secure;Domain=homed-gjbncwembghtg6c5.scm.canadacentral-01.azurewebsites.net; ARRAffinitySameSite=9bc3e57960773edb3408c581dbfe6e2a119577c37fb6d5a2de646503cf932eae;Path=/;HttpOnly;SameSite=None;Secure;Domain=homed-gjbncwembghtg6c5.scm.canadacentral-01.azurewebsites.net" Transfer-Encoding="chunked" X-ARR-LOG-ID="c402f349-7730-4ba3-baa7-39f1702e547c" CLIENT-IP="172.184.211.41:28744" X-SITE-DEPLOYMENT-ID="homed" WAS-DEFAULT-HOSTNAME="homed-gjbncwembghtg6c5.scm.canadacentral-01.azurewebsites.net" X-Forwarded-Proto="https" X-AppService-Proto="https" X-Forwarded-TlsVersion="1.3" X-WAWS-Unencoded-URL="/api/publish?async=true&amp;deployer=GITHUB_ONE_DEPLOY&amp;type=zip&amp;message=%7B%22type%22%3A%22deployment%22%2C%22sha%22%3A%22d9454369053b6b180591ae420bae519a948a531d%22%2C%22repoName%22%3A%22JumaWb%2FHomed-Backend%22%2C%22actor%22%3A%22JumaWb%22%2C%22slotName%22%3A%22Production%22%2C%22commitMessage%22%3A%22Add%20wsgi.py%20entry%20point%20for%20Azure%20deployment%5Cn%5CnCreates%20a%20proper%20WSGI%20entry%20point%20that%20gunicorn%20can%20import.%5CnThis%20fixes%20the%20%5C%22ModuleNotFoundError%3A%20No%20module%20named%20%27run%27%5C%22%20error.%5Cn%5Cn%F0%9F%A4%96%20Generated%20with%20%5BClaude%20Code%5D(https%3A%2F%2Fclaude.com%2Fclaude-code)%5Cn%5CnCo-Authored-By%3A%20Claude%20%3Cnoreply%40anthropic.com%3E%22%7D" X-Client-IP="172.184.211.41" X-Client-Port="28744" >
  <step title="OneDeploy" date="2025-09-30T13:17:33.544" >
    <step title="Starting PushDeployAsync" date="2025-09-30T13:17:33.555" /><!-- duration: 6ms -->
    <step title="Writing artifact to /tmp/zipdeploy/f358efe4-2550-428b-8a37-515be46796f0.zip" date="2025-09-30T13:17:33.570" >
      <step title="Writing multipart request body to /tmp/zipdeploy/f358efe4-2550-428b-8a37-515be46796f0.zip" date="2025-09-30T13:17:33.576" /><!-- duration: 6ms -->
    </step><!-- duration: 449ms -->
    <step title="Removing previous build artifact&apos;s manifest file" date="2025-09-30T13:17:34.055" >
      <step title="Start deployment in the background" date="2025-09-30T13:17:34.130" >
        <step title="Acquiring Deployment Lock" date="2025-09-30T13:17:34.168" /><!-- duration: 25ms -->
        <step title="Acquired Deployment Lock" date="2025-09-30T13:17:34.256" /><!-- duration: 17ms -->
      </step><!-- duration: 266ms -->
    </step><!-- duration: 347ms -->
    <step title="Outgoing response" date="2025-09-30T13:17:34.408" type="response" statusCode="202" statusText="Accepted" /><!-- duration: 6ms -->
  </step><!-- duration: 877ms -->
