<step title="BackgroundTrace" date="2025-09-30T19:43:21.659" instance="9bc3e5" url="/api/publish" method="POST" >
  <step title="Creating temporary deployment - FetchDeploymentManager" date="2025-09-30T19:43:21.735" /><!-- duration: 6ms -->
  <step title="Creating temporary deployment" date="2025-09-30T19:43:21.747" /><!-- duration: 57ms -->
  <step title="Performing fetch based deployment" date="2025-09-30T19:43:21.848" >
    <step title="Cleaning up temp folders from previous zip deployments and extracting pushed zip file /tmp/zipdeploy/9ad5288b-8de6-49cf-9025-a81b8bb34742.zip (6.42 MB) to /tmp/zipdeploy/extracted" date="2025-09-30T19:43:23.052" >
      <step title="ChmodRecursive Process exited with total time taken in ms: 22" date="2025-09-30T19:43:23.177" /><!-- duration: 6ms -->
    </step><!-- duration: 138ms -->
    <step title="Deployment timer started" date="2025-09-30T19:43:25.203" >
      <step title="DeploymentManager.Deploy(id:ff6f3cba-f8df-4a1b-9014-370d4845d71b)" date="2025-09-30T19:43:25.212" >
        <step title="Collecting changeset information" date="2025-09-30T19:43:25.233" /><!-- duration: 101ms -->
        <step title="Updating submodules" date="2025-09-30T19:43:25.346" /><!-- duration: 1169ms -->
        <step title="Determining deployment builder" date="2025-09-30T19:43:26.742" >
          <step title="Builder is OryxBuilder" date="2025-09-30T19:43:26.756" /><!-- duration: 6ms -->
        </step><!-- duration: 26ms -->
        <step title="PreDeployment: context.CleanOutputPath False" date="2025-09-30T19:43:26.834" >
          <step title="PreDeployment: context.OutputPath /home/site/wwwroot" date="2025-09-30T19:43:26.968" >
            <step title="Building" date="2025-09-30T19:43:27.130" >
              <step title="Executing external process" date="2025-09-30T19:43:27.442" type="process" path="bash" arguments="-c &quot;oryx build /tmp/zipdeploy/extracted -o /home/site/wwwroot --platform python --platform-version 3.11 -p virtualenv_name=antenv --log-file /tmp/build-debug.log  -i /tmp/8de00599fe33d83 --compress-destination-dir | tee /tmp/oryx-build.log ; exit $PIPESTATUS &quot;" >
                <step title="Cpu: gzip(21894,14.820s)+sh(21893,0.030s)+tar(21892,1.040s)+build.sh(21778,0.020s)+oryx(21759,1.410s)+tee(21760,0.000s)+bash(21758,0.000s)=total(17.320s)" date="2025-09-30T19:45:39.487" /><!-- duration: 17ms -->
                <step title="bash: no io activity for 60s, prev-cpu=-1.000s, current-cpu=17.320s" date="2025-09-30T19:45:39.513" /><!-- duration: 12ms -->
              </step><!-- duration: 162774ms -->
              <step title="Using PythonDeploymentLogParser" date="2025-09-30T19:46:10.664" /><!-- duration: 7ms -->
              <step title="Modified file to trigger a restart of the app container." date="2025-09-30T19:46:12.036" /><!-- duration: 10ms -->
              <step title="Skip function trigger and logicapp sync because function is not enabled." date="2025-09-30T19:46:12.052" /><!-- duration: 7ms -->
            </step><!-- duration: 165898ms -->
          </step><!-- duration: 166066ms -->
          <step title="Cleaning up temp files" date="2025-09-30T19:46:13.039" /><!-- duration: 2008ms -->
          <step title="Cleaning up temp files" date="2025-09-30T19:46:15.056" /><!-- duration: 512ms -->
          <step title="Reloading status file with latest updates" date="2025-09-30T19:46:15.630" >
            <step title="WebHooksManager.PublishEventAsync: PostDeployment" date="2025-09-30T19:46:15.637" /><!-- duration: 29ms -->
          </step><!-- duration: 45ms -->
          <step title="Cleaning up temporary deployment - fetch deployment was successful" date="2025-09-30T19:46:15.683" /><!-- duration: 6ms -->
        </step><!-- duration: 168916ms -->
      </step><!-- duration: 170570ms -->
