<step title="Incoming Request" date="2025-10-02T19:11:44.215" instance="9bc3e5" url="/api/deployments/latest?deployer=OneDeploy&amp;time=2025-10-02_19-11-38Z" method="GET" type="request" pid="768,1,23" Host="homed-gjbncwembghtg6c5.scm.canadacentral-01.azurewebsites.net" User-Agent="GITHUBACTIONS_DeployWebAppToAzure_650b6b91cdde6412317e2834b6c4fb49bc0a7230c2233d3392fff9691cb68c29" Authorization="Bas..." Content-Type="application/json; charset=utf-8" Cookie="ARRAffinity=9bc3e57960773edb3408c581dbfe6e2a119577c37fb6d5a2de646503cf932eae;Path=/;HttpOnly;Secure;Domain=homed-gjbncwembghtg6c5.scm.canadacentral-01.azurewebsites.net; ARRAffinitySameSite=9bc3e57960773edb3408c581dbfe6e2a119577c37fb6d5a2de646503cf932eae;Path=/;HttpOnly;SameSite=None;Secure;Domain=homed-gjbncwembghtg6c5.scm.canadacentral-01.azurewebsites.net" Content-Length="0" X-ARR-LOG-ID="94ea6032-389f-43d9-9e86-0b047bc69cfb" CLIENT-IP="52.225.25.103:59457" X-SITE-DEPLOYMENT-ID="homed" WAS-DEFAULT-HOSTNAME="homed-gjbncwembghtg6c5.scm.canadacentral-01.azurewebsites.net" X-Forwarded-Proto="https" X-AppService-Proto="https" X-Forwarded-TlsVersion="1.3" X-WAWS-Unencoded-URL="/api/deployments/latest?deployer=OneDeploy&amp;time=2025-10-02_19-11-38Z" X-Client-IP="52.225.25.103" X-Client-Port="59457" >
  <step title="Cleanup Xml Logs" date="2025-10-02T19:11:44.219" >
    <step title="Cleanup Infos" date="2025-10-02T19:11:44.233" totalFiles="279" totalCleanup="119" /><!-- duration: 3ms -->
  </step><!-- duration: 19ms -->
  <step title="DeploymentService.GetResult" date="2025-10-02T19:11:44.244" >
    <step title="DeploymentService.GetLatestDeployment" date="2025-10-02T19:11:44.246" >
      <step title="DeploymentManager.GetResults" date="2025-10-02T19:11:44.249" /><!-- duration: 540ms -->
    </step><!-- duration: 546ms -->
  </step><!-- duration: 552ms -->
  <step title="Outgoing response" date="2025-10-02T19:11:44.800" type="response" statusCode="202" statusText="Accepted" /><!-- duration: 4ms -->
</step><!-- duration: 591ms -->
