<step title="Incoming Request" date="2025-10-02T19:11:37.489" instance="9bc3e5" url="/api/publish?async=true&amp;deployer=GITHUB_ONE_DEPLOY&amp;type=zip&amp;message=%7B%22type%22%3A%22deployment%22%2C%22sha%22%3A%226b68fd74229db593e8eacaf34d0b558358428af1%22%2C%22repoName%22%3A%22JumaWb%2FHomed-Backend%22%2C%22actor%22%3A%22JumaWb%22%2C%22slotName%22%3A%22Production%22%2C%22commitMessage%22%3A%22Revert%20%5C%22Fix%20CORS%20origin%20-%20remove%20trailing%20slash%20for%20Azure%20Static%20Web%20App%5C%22%5Cn%5CnThis%20reverts%20commit%20b23253c507ab7307ee52b2314f90a5e76a79f5c0.%22%7D" method="POST" type="request" pid="768,1,25" Host="homed-gjbncwembghtg6c5.scm.canadacentral-01.azurewebsites.net" User-Agent="GITHUBACTIONS_DeployWebAppToAzure_650b6b91cdde6412317e2834b6c4fb49bc0a7230c2233d3392fff9691cb68c29" Authorization="Bas..." Content-Type="application/octet-stream" Cookie="ARRAffinity=9bc3e57960773edb3408c581dbfe6e2a119577c37fb6d5a2de646503cf932eae;Path=/;HttpOnly;Secure;Domain=homed-gjbncwembghtg6c5.scm.canadacentral-01.azurewebsites.net; ARRAffinitySameSite=9bc3e57960773edb3408c581dbfe6e2a119577c37fb6d5a2de646503cf932eae;Path=/;HttpOnly;SameSite=None;Secure;Domain=homed-gjbncwembghtg6c5.scm.canadacentral-01.azurewebsites.net" Transfer-Encoding="chunked" X-ARR-LOG-ID="4cc2cd66-8734-40e8-a453-536d2d19077d" CLIENT-IP="52.225.25.103:59456" X-SITE-DEPLOYMENT-ID="homed" WAS-DEFAULT-HOSTNAME="homed-gjbncwembghtg6c5.scm.canadacentral-01.azurewebsites.net" X-Forwarded-Proto="https" X-AppService-Proto="https" X-Forwarded-TlsVersion="1.3" X-WAWS-Unencoded-URL="/api/publish?async=true&amp;deployer=GITHUB_ONE_DEPLOY&amp;type=zip&amp;message=%7B%22type%22%3A%22deployment%22%2C%22sha%22%3A%226b68fd74229db593e8eacaf34d0b558358428af1%22%2C%22repoName%22%3A%22JumaWb%2FHomed-Backend%22%2C%22actor%22%3A%22JumaWb%22%2C%22slotName%22%3A%22Production%22%2C%22commitMessage%22%3A%22Revert%20%5C%22Fix%20CORS%20origin%20-%20remove%20trailing%20slash%20for%20Azure%20Static%20Web%20App%5C%22%5Cn%5CnThis%20reverts%20commit%20b23253c507ab7307ee52b2314f90a5e76a79f5c0.%22%7D" X-Client-IP="52.225.25.103" X-Client-Port="59456" >
  <step title="OneDeploy" date="2025-10-02T19:11:37.494" >
    <step title="Starting PushDeployAsync" date="2025-10-02T19:11:37.497" /><!-- duration: 1ms -->
    <step title="Writing artifact to /tmp/zipdeploy/5f5aa562-4348-4bb4-87ba-360d74e556ff.zip" date="2025-10-02T19:11:37.506" >
      <step title="Writing multipart request body to /tmp/zipdeploy/5f5aa562-4348-4bb4-87ba-360d74e556ff.zip" date="2025-10-02T19:11:37.509" /><!-- duration: 6ms -->
    </step><!-- duration: 506ms -->
    <step title="Removing previous build artifact&apos;s manifest file" date="2025-10-02T19:11:38.020" >
      <step title="Start deployment in the background" date="2025-10-02T19:11:38.027" >
        <step title="Acquiring Deployment Lock" date="2025-10-02T19:11:38.034" /><!-- duration: 2ms -->
        <step title="Acquired Deployment Lock" date="2025-10-02T19:11:38.074" /><!-- duration: 2ms -->
      </step><!-- duration: 98ms -->
    </step><!-- duration: 107ms -->
    <step title="Outgoing response" date="2025-10-02T19:11:38.129" type="response" statusCode="202" statusText="Accepted" /><!-- duration: 2ms -->
  </step><!-- duration: 638ms -->
