<step title="Incoming Request" date="2025-09-30T19:45:45.819" instance="9bc3e5" url="/api/deployments/latest?deployer=OneDeploy&amp;time=2025-09-30_19-43-21Z" method="GET" type="request" pid="768,1,18" Host="homed-gjbncwembghtg6c5.scm.canadacentral-01.azurewebsites.net" User-Agent="GITHUBACTIONS_DeployWebAppToAzure_650b6b91cdde6412317e2834b6c4fb49bc0a7230c2233d3392fff9691cb68c29" Authorization="Bas..." Content-Type="application/json; charset=utf-8" Cookie="ARRAffinity=9bc3e57960773edb3408c581dbfe6e2a119577c37fb6d5a2de646503cf932eae;Path=/;HttpOnly;Secure;Domain=homed-gjbncwembghtg6c5.scm.canadacentral-01.azurewebsites.net; ARRAffinitySameSite=9bc3e57960773edb3408c581dbfe6e2a119577c37fb6d5a2de646503cf932eae;Path=/;HttpOnly;SameSite=None;Secure;Domain=homed-gjbncwembghtg6c5.scm.canadacentral-01.azurewebsites.net" Content-Length="0" X-ARR-LOG-ID="0f8fecdd-4e0c-4b2f-9a40-c701e4898bfa" CLIENT-IP="52.173.237.212:29728" X-SITE-DEPLOYMENT-ID="homed" WAS-DEFAULT-HOSTNAME="homed-gjbncwembghtg6c5.scm.canadacentral-01.azurewebsites.net" X-Forwarded-Proto="https" X-AppService-Proto="https" X-Forwarded-TlsVersion="1.3" X-WAWS-Unencoded-URL="/api/deployments/latest?deployer=OneDeploy&amp;time=2025-09-30_19-43-21Z" X-Client-IP="52.173.237.212" X-Client-Port="29728" >
  <step title="Cleanup Xml Logs" date="2025-09-30T19:45:45.826" >
    <step title="Cleanup Infos" date="2025-09-30T19:45:45.845" totalFiles="212" totalCleanup="52" /><!-- duration: 11ms -->
  </step><!-- duration: 39ms -->
  <step title="DeploymentService.GetResult" date="2025-09-30T19:45:45.884" >
    <step title="DeploymentService.GetLatestDeployment" date="2025-09-30T19:45:45.893" >
      <step title="DeploymentManager.GetResults" date="2025-09-30T19:45:45.904" /><!-- duration: 452ms -->
    </step><!-- duration: 473ms -->
  </step><!-- duration: 492ms -->
  <step title="Outgoing response" date="2025-09-30T19:45:46.386" type="response" statusCode="202" statusText="Accepted" /><!-- duration: 9ms -->
</step><!-- duration: 586ms -->
