<step title="Incoming Request" date="2025-09-30T19:43:21.417" instance="9bc3e5" url="/api/publish?async=true&amp;deployer=GITHUB_ONE_DEPLOY&amp;type=zip&amp;message=%7B%22type%22%3A%22deployment%22%2C%22sha%22%3A%22ef365988f01f856c9fd093d157303fe9358a51b3%22%2C%22repoName%22%3A%22JumaWb%2FHomed-Backend%22%2C%22actor%22%3A%22JumaWb%22%2C%22slotName%22%3A%22Production%22%2C%22commitMessage%22%3A%22modified%20verification%20email%22%7D" method="POST" type="request" pid="768,1,18" Host="homed-gjbncwembghtg6c5.scm.canadacentral-01.azurewebsites.net" User-Agent="GITHUBACTIONS_DeployWebAppToAzure_650b6b91cdde6412317e2834b6c4fb49bc0a7230c2233d3392fff9691cb68c29" Authorization="Bas..." Content-Type="application/octet-stream" Cookie="ARRAffinity=9bc3e57960773edb3408c581dbfe6e2a119577c37fb6d5a2de646503cf932eae;Path=/;HttpOnly;Secure;Domain=homed-gjbncwembghtg6c5.scm.canadacentral-01.azurewebsites.net; ARRAffinitySameSite=9bc3e57960773edb3408c581dbfe6e2a119577c37fb6d5a2de646503cf932eae;Path=/;HttpOnly;SameSite=None;Secure;Domain=homed-gjbncwembghtg6c5.scm.canadacentral-01.azurewebsites.net" Transfer-Encoding="chunked" X-ARR-LOG-ID="cddbf8c2-5350-43de-a676-fe70ee2525c5" CLIENT-IP="52.173.237.212:29728" X-SITE-DEPLOYMENT-ID="homed" WAS-DEFAULT-HOSTNAME="homed-gjbncwembghtg6c5.scm.canadacentral-01.azurewebsites.net" X-Forwarded-Proto="https" X-AppService-Proto="https" X-Forwarded-TlsVersion="1.3" X-WAWS-Unencoded-URL="/api/publish?async=true&amp;deployer=GITHUB_ONE_DEPLOY&amp;type=zip&amp;message=%7B%22type%22%3A%22deployment%22%2C%22sha%22%3A%22ef365988f01f856c9fd093d157303fe9358a51b3%22%2C%22repoName%22%3A%22JumaWb%2FHomed-Backend%22%2C%22actor%22%3A%22JumaWb%22%2C%22slotName%22%3A%22Production%22%2C%22commitMessage%22%3A%22modified%20verification%20email%22%7D" X-Client-IP="52.173.237.212" X-Client-Port="29728" >
  <step title="OneDeploy" date="2025-09-30T19:43:21.430" >
    <step title="Starting PushDeployAsync" date="2025-09-30T19:43:21.441" /><!-- duration: 6ms -->
    <step title="Writing artifact to /tmp/zipdeploy/9ad5288b-8de6-49cf-9025-a81b8bb34742.zip" date="2025-09-30T19:43:21.456" >
      <step title="Writing multipart request body to /tmp/zipdeploy/9ad5288b-8de6-49cf-9025-a81b8bb34742.zip" date="2025-09-30T19:43:21.462" /><!-- duration: 6ms -->
    </step><!-- duration: 155ms -->
    <step title="Removing previous build artifact&apos;s manifest file" date="2025-09-30T19:43:21.635" >
      <step title="Start deployment in the background" date="2025-09-30T19:43:21.653" >
        <step title="Acquiring Deployment Lock" date="2025-09-30T19:43:21.668" /><!-- duration: 6ms -->
        <step title="Acquired Deployment Lock" date="2025-09-30T19:43:21.721" /><!-- duration: 7ms -->
      </step><!-- duration: 157ms -->
    </step><!-- duration: 182ms -->
    <step title="Outgoing response" date="2025-09-30T19:43:21.822" type="response" statusCode="202" statusText="Accepted" /><!-- duration: 6ms -->
  </step><!-- duration: 405ms -->
