<step title="Incoming Request" date="2025-10-02T19:14:25.902" instance="9bc3e5" url="/api/publish?async=true&amp;deployer=GITHUB_ONE_DEPLOY&amp;type=zip&amp;message=%7B%22type%22%3A%22deployment%22%2C%22sha%22%3A%22b0cef0d2c7d59c0d7eb24901ae8b9b4339f17413%22%2C%22repoName%22%3A%22JumaWb%2FHomed-Backend%22%2C%22actor%22%3A%22JumaWb%22%2C%22slotName%22%3A%22Production%22%2C%22commitMessage%22%3A%22Update%20frontend%20URL%20to%20Azure%20Static%20Web%20App%5Cn%5Cn-%20Updated%20FRONTEND_URL%20default%20to%20https%3A%2F%2Fzealous-bush-06d27a010.2.azurestaticapps.net%5Cn-%20Updated%20CORS%20origins%20to%20match%20new%20frontend%20URL%5Cn-%20Azure%20environment%20variables%20already%20configured%5Cn%5Cn%F0%9F%A4%96%20Generated%20with%20%5BClaude%20Code%5D(https%3A%2F%2Fclaude.com%2Fclaude-code)%5Cn%5CnCo-Authored-By%3A%20Claude%20%3Cnoreply%40anthropic.com%3E%22%7D" method="POST" type="request" pid="768,1,28" Host="homed-gjbncwembghtg6c5.scm.canadacentral-01.azurewebsites.net" User-Agent="GITHUBACTIONS_DeployWebAppToAzure_650b6b91cdde6412317e2834b6c4fb49bc0a7230c2233d3392fff9691cb68c29" Authorization="Bas..." Content-Type="application/octet-stream" Cookie="ARRAffinity=9bc3e57960773edb3408c581dbfe6e2a119577c37fb6d5a2de646503cf932eae;Path=/;HttpOnly;Secure;Domain=homed-gjbncwembghtg6c5.scm.canadacentral-01.azurewebsites.net; ARRAffinitySameSite=9bc3e57960773edb3408c581dbfe6e2a119577c37fb6d5a2de646503cf932eae;Path=/;HttpOnly;SameSite=None;Secure;Domain=homed-gjbncwembghtg6c5.scm.canadacentral-01.azurewebsites.net" Transfer-Encoding="chunked" X-ARR-LOG-ID="2775c424-63fa-4f99-a8c8-02afc40bebbf" CLIENT-IP="52.159.229.147:45056" X-SITE-DEPLOYMENT-ID="homed" WAS-DEFAULT-HOSTNAME="homed-gjbncwembghtg6c5.scm.canadacentral-01.azurewebsites.net" X-Forwarded-Proto="https" X-AppService-Proto="https" X-Forwarded-TlsVersion="1.3" X-WAWS-Unencoded-URL="/api/publish?async=true&amp;deployer=GITHUB_ONE_DEPLOY&amp;type=zip&amp;message=%7B%22type%22%3A%22deployment%22%2C%22sha%22%3A%22b0cef0d2c7d59c0d7eb24901ae8b9b4339f17413%22%2C%22repoName%22%3A%22JumaWb%2FHomed-Backend%22%2C%22actor%22%3A%22JumaWb%22%2C%22slotName%22%3A%22Production%22%2C%22commitMessage%22%3A%22Update%20frontend%20URL%20to%20Azure%20Static%20Web%20App%5Cn%5Cn-%20Updated%20FRONTEND_URL%20default%20to%20https%3A%2F%2Fzealous-bush-06d27a010.2.azurestaticapps.net%5Cn-%20Updated%20CORS%20origins%20to%20match%20new%20frontend%20URL%5Cn-%20Azure%20environment%20variables%20already%20configured%5Cn%5Cn%F0%9F%A4%96%20Generated%20with%20%5BClaude%20Code%5D(https%3A%2F%2Fclaude.com%2Fclaude-code)%5Cn%5CnCo-Authored-By%3A%20Claude%20%3Cnoreply%40anthropic.com%3E%22%7D" X-Client-IP="52.159.229.147" X-Client-Port="45056" >
  <step title="OneDeploy" date="2025-10-02T19:14:25.906" >
    <step title="Starting PushDeployAsync" date="2025-10-02T19:14:25.911" /><!-- duration: 2ms -->
    <step title="Writing artifact to /tmp/zipdeploy/a2e3f9a0-ed00-481b-8464-e3c0f0947c89.zip" date="2025-10-02T19:14:25.916" >
      <step title="Writing multipart request body to /tmp/zipdeploy/a2e3f9a0-ed00-481b-8464-e3c0f0947c89.zip" date="2025-10-02T19:14:25.918" /><!-- duration: 2ms -->
    </step><!-- duration: 487ms -->
    <step title="Removing previous build artifact&apos;s manifest file" date="2025-10-02T19:14:26.411" >
      <step title="Start deployment in the background" date="2025-10-02T19:14:26.422" >
        <step title="Acquiring Deployment Lock" date="2025-10-02T19:14:26.432" /><!-- duration: 2ms -->
        <step title="Acquired Deployment Lock" date="2025-10-02T19:14:26.452" /><!-- duration: 2ms -->
      </step><!-- duration: 84ms -->
    </step><!-- duration: 96ms -->
    <step title="Outgoing response" date="2025-10-02T19:14:26.512" type="response" statusCode="202" statusText="Accepted" /><!-- duration: 1ms -->
  </step><!-- duration: 609ms -->
