<step title="BackgroundTrace" date="2025-10-02T19:11:38.029" instance="9bc3e5" url="/api/publish" method="POST" >
  <step title="Creating temporary deployment - FetchDeploymentManager" date="2025-10-02T19:11:38.078" /><!-- duration: 2ms -->
  <step title="Creating temporary deployment" date="2025-10-02T19:11:38.081" /><!-- duration: 42ms -->
  <step title="Performing fetch based deployment" date="2025-10-02T19:11:38.136" >
    <step title="Cleaning up temp folders from previous zip deployments and extracting pushed zip file /tmp/zipdeploy/5f5aa562-4348-4bb4-87ba-360d74e556ff.zip (6.42 MB) to /tmp/zipdeploy/extracted" date="2025-10-02T19:11:39.266" >
      <step title="ChmodRecursive Process exited with total time taken in ms: 17" date="2025-10-02T19:11:39.382" /><!-- duration: 2ms -->
    </step><!-- duration: 120ms -->
    <step title="Deployment timer started" date="2025-10-02T19:11:41.390" >
      <step title="DeploymentManager.Deploy(id:66f24a32-de4d-4a91-a39d-ce840c680393)" date="2025-10-02T19:11:41.394" >
        <step title="Collecting changeset information" date="2025-10-02T19:11:41.400" /><!-- duration: 93ms -->
        <step title="Updating submodules" date="2025-10-02T19:11:41.496" /><!-- duration: 1114ms -->
        <step title="Determining deployment builder" date="2025-10-02T19:11:42.852" >
          <step title="Builder is OryxBuilder" date="2025-10-02T19:11:42.858" /><!-- duration: 2ms -->
        </step><!-- duration: 10ms -->
        <step title="PreDeployment: context.CleanOutputPath False" date="2025-10-02T19:11:42.910" >
          <step title="PreDeployment: context.OutputPath /home/site/wwwroot" date="2025-10-02T19:11:43.038" >
            <step title="Building" date="2025-10-02T19:11:43.218" >
              <step title="Executing external process" date="2025-10-02T19:11:43.503" type="process" path="bash" arguments="-c &quot;oryx build /tmp/zipdeploy/extracted -o /home/site/wwwroot --platform python --platform-version 3.11 -p virtualenv_name=antenv --log-file /tmp/build-debug.log  -i /tmp/8de01e785e51a56 --compress-destination-dir | tee /tmp/oryx-build.log ; exit $PIPESTATUS &quot;" /><!-- duration: 116487ms -->
              <step title="Using PythonDeploymentLogParser" date="2025-10-02T19:13:40.339" /><!-- duration: 7ms -->
              <step title="Modified file to trigger a restart of the app container." date="2025-10-02T19:13:41.629" /><!-- duration: 3ms -->
              <step title="Skip function trigger and logicapp sync because function is not enabled." date="2025-10-02T19:13:41.634" /><!-- duration: 2ms -->
            </step><!-- duration: 120050ms -->
          </step><!-- duration: 120233ms -->
          <step title="Cleaning up temp files" date="2025-10-02T19:13:43.273" /><!-- duration: 3926ms -->
          <step title="Cleaning up temp files" date="2025-10-02T19:13:47.204" /><!-- duration: 510ms -->
          <step title="Reloading status file with latest updates" date="2025-10-02T19:13:47.774" >
            <step title="WebHooksManager.PublishEventAsync: PostDeployment" date="2025-10-02T19:13:47.790" /><!-- duration: 54ms -->
          </step><!-- duration: 72ms -->
          <step title="Cleaning up temporary deployment - fetch deployment was successful" date="2025-10-02T19:13:47.851" /><!-- duration: 3ms -->
        </step><!-- duration: 125847ms -->
      </step><!-- duration: 127397ms -->
