<step title="Incoming Request" date="2025-09-30T07:40:59.745" instance="9bc3e5" url="/api/publish?async=true&amp;deployer=GITHUB_ONE_DEPLOY&amp;type=zip&amp;message=%7B%22type%22%3A%22deployment%22%2C%22sha%22%3A%22f62c7a72a770f7e282b442877654ff429f9c7793%22%2C%22repoName%22%3A%22JumaWb%2FHomed-Backend%22%2C%22actor%22%3A%22JumaWb%22%2C%22slotName%22%3A%22Production%22%2C%22commitMessage%22%3A%22Merge%20branch%20%27main%27%20of%20github.com%3AJumaWb%2FHomed-Backend%22%7D" method="POST" type="request" pid="768,1,7" Host="homed-gjbncwembghtg6c5.scm.canadacentral-01.azurewebsites.net" User-Agent="GITHUBACTIONS_DeployWebAppToAzure_650b6b91cdde6412317e2834b6c4fb49bc0a7230c2233d3392fff9691cb68c29" Authorization="Bas..." Content-Type="application/octet-stream" Cookie="ARRAffinity=9bc3e57960773edb3408c581dbfe6e2a119577c37fb6d5a2de646503cf932eae;Path=/;HttpOnly;Secure;Domain=homed-gjbncwembghtg6c5.scm.canadacentral-01.azurewebsites.net; ARRAffinitySameSite=9bc3e57960773edb3408c581dbfe6e2a119577c37fb6d5a2de646503cf932eae;Path=/;HttpOnly;SameSite=None;Secure;Domain=homed-gjbncwembghtg6c5.scm.canadacentral-01.azurewebsites.net" Transfer-Encoding="chunked" X-ARR-LOG-ID="e2ab5eba-15b6-4473-a111-bbbe9fbfdc40" CLIENT-IP="68.220.62.100:7200" X-SITE-DEPLOYMENT-ID="homed" WAS-DEFAULT-HOSTNAME="homed-gjbncwembghtg6c5.scm.canadacentral-01.azurewebsites.net" X-Forwarded-Proto="https" X-AppService-Proto="https" X-Forwarded-TlsVersion="1.3" X-WAWS-Unencoded-URL="/api/publish?async=true&amp;deployer=GITHUB_ONE_DEPLOY&amp;type=zip&amp;message=%7B%22type%22%3A%22deployment%22%2C%22sha%22%3A%22f62c7a72a770f7e282b442877654ff429f9c7793%22%2C%22repoName%22%3A%22JumaWb%2FHomed-Backend%22%2C%22actor%22%3A%22JumaWb%22%2C%22slotName%22%3A%22Production%22%2C%22commitMessage%22%3A%22Merge%20branch%20%27main%27%20of%20github.com%3AJumaWb%2FHomed-Backend%22%7D" X-Client-IP="68.220.62.100" X-Client-Port="7200" >
  <step title="OneDeploy" date="2025-09-30T07:40:59.760" >
    <step title="Starting PushDeployAsync" date="2025-09-30T07:40:59.771" /><!-- duration: 6ms -->
    <step title="Writing artifact to /tmp/zipdeploy/fc52f530-96be-4f4d-9c4f-8a6d1e05d09b.zip" date="2025-09-30T07:40:59.786" >
      <step title="Writing multipart request body to /tmp/zipdeploy/fc52f530-96be-4f4d-9c4f-8a6d1e05d09b.zip" date="2025-09-30T07:40:59.792" /><!-- duration: 6ms -->
    </step><!-- duration: 457ms -->
    <step title="Removing previous build artifact&apos;s manifest file" date="2025-09-30T07:41:00.263" >
      <step title="Start deployment in the background" date="2025-09-30T07:41:00.283" >
        <step title="Acquiring Deployment Lock" date="2025-09-30T07:41:00.298" /><!-- duration: 6ms -->
        <step title="Acquired Deployment Lock" date="2025-09-30T07:41:00.355" /><!-- duration: 7ms -->
      </step><!-- duration: 224ms -->
    </step><!-- duration: 250ms -->
    <step title="Outgoing response" date="2025-09-30T07:41:00.519" type="response" statusCode="202" statusText="Accepted" /><!-- duration: 6ms -->
  </step><!-- duration: 771ms -->
