<step title="Incoming Request" date="2025-10-02T18:59:07.265" instance="9bc3e5" url="/api/publish?async=true&amp;deployer=GITHUB_ONE_DEPLOY&amp;type=zip&amp;message=%7B%22type%22%3A%22deployment%22%2C%22sha%22%3A%22b23253c507ab7307ee52b2314f90a5e76a79f5c0%22%2C%22repoName%22%3A%22JumaWb%2FHomed-Backend%22%2C%22actor%22%3A%22JumaWb%22%2C%22slotName%22%3A%22Production%22%2C%22commitMessage%22%3A%22Fix%20CORS%20origin%20-%20remove%20trailing%20slash%20for%20Azure%20Static%20Web%20App%5Cn%5CnRemoved%20trailing%20slash%20from%20CORS%20origin%20to%20ensure%20proper%20matching%20with%20the%20frontend%20URL.%5Cn%5Cn%F0%9F%A4%96%20Generated%20with%20%5BClaude%20Code%5D(https%3A%2F%2Fclaude.com%2Fclaude-code)%5Cn%5CnCo-Authored-By%3A%20Claude%20%3Cnoreply%40anthropic.com%3E%22%7D" method="POST" type="request" pid="768,1,16" Host="homed-gjbncwembghtg6c5.scm.canadacentral-01.azurewebsites.net" User-Agent="GITHUBACTIONS_DeployWebAppToAzure_650b6b91cdde6412317e2834b6c4fb49bc0a7230c2233d3392fff9691cb68c29" Authorization="Bas..." Content-Type="application/octet-stream" Cookie="ARRAffinity=9bc3e57960773edb3408c581dbfe6e2a119577c37fb6d5a2de646503cf932eae;Path=/;HttpOnly;Secure;Domain=homed-gjbncwembghtg6c5.scm.canadacentral-01.azurewebsites.net; ARRAffinitySameSite=9bc3e57960773edb3408c581dbfe6e2a119577c37fb6d5a2de646503cf932eae;Path=/;HttpOnly;SameSite=None;Secure;Domain=homed-gjbncwembghtg6c5.scm.canadacentral-01.azurewebsites.net" Transfer-Encoding="chunked" X-ARR-LOG-ID="33af630c-ad89-4a11-81d6-a1fec46d574b" CLIENT-IP="52.176.124.180:9248" X-SITE-DEPLOYMENT-ID="homed" WAS-DEFAULT-HOSTNAME="homed-gjbncwembghtg6c5.scm.canadacentral-01.azurewebsites.net" X-Forwarded-Proto="https" X-AppService-Proto="https" X-Forwarded-TlsVersion="1.3" X-WAWS-Unencoded-URL="/api/publish?async=true&amp;deployer=GITHUB_ONE_DEPLOY&amp;type=zip&amp;message=%7B%22type%22%3A%22deployment%22%2C%22sha%22%3A%22b23253c507ab7307ee52b2314f90a5e76a79f5c0%22%2C%22repoName%22%3A%22JumaWb%2FHomed-Backend%22%2C%22actor%22%3A%22JumaWb%22%2C%22slotName%22%3A%22Production%22%2C%22commitMessage%22%3A%22Fix%20CORS%20origin%20-%20remove%20trailing%20slash%20for%20Azure%20Static%20Web%20App%5Cn%5CnRemoved%20trailing%20slash%20from%20CORS%20origin%20to%20ensure%20proper%20matching%20with%20the%20frontend%20URL.%5Cn%5Cn%F0%9F%A4%96%20Generated%20with%20%5BClaude%20Code%5D(https%3A%2F%2Fclaude.com%2Fclaude-code)%5Cn%5CnCo-Authored-By%3A%20Claude%20%3Cnoreply%40anthropic.com%3E%22%7D" X-Client-IP="52.176.124.180" X-Client-Port="9248" >
  <step title="OneDeploy" date="2025-10-02T18:59:07.272" >
    <step title="Starting PushDeployAsync" date="2025-10-02T18:59:07.276" /><!-- duration: 2ms -->
    <step title="Writing artifact to /tmp/zipdeploy/5b42fbeb-4a57-4de0-86b7-0e384d16a12b.zip" date="2025-10-02T18:59:07.281" >
      <step title="Writing multipart request body to /tmp/zipdeploy/5b42fbeb-4a57-4de0-86b7-0e384d16a12b.zip" date="2025-10-02T18:59:07.282" /><!-- duration: 2ms -->
    </step><!-- duration: 192ms -->
    <step title="Removing previous build artifact&apos;s manifest file" date="2025-10-02T18:59:07.478" >
      <step title="Start deployment in the background" date="2025-10-02T18:59:07.483" >
        <step title="Acquiring Deployment Lock" date="2025-10-02T18:59:07.489" /><!-- duration: 1ms -->
        <step title="Acquired Deployment Lock" date="2025-10-02T18:59:07.528" /><!-- duration: 2ms -->
      </step><!-- duration: 95ms -->
    </step><!-- duration: 104ms -->
    <step title="Outgoing response" date="2025-10-02T18:59:07.584" type="response" statusCode="202" statusText="Accepted" /><!-- duration: 2ms -->
  </step><!-- duration: 315ms -->
