<step title="BackgroundTrace" date="2025-10-02T18:59:07.484" instance="9bc3e5" url="/api/publish" method="POST" >
  <step title="Creating temporary deployment - FetchDeploymentManager" date="2025-10-02T18:59:07.531" /><!-- duration: 2ms -->
  <step title="Creating temporary deployment" date="2025-10-02T18:59:07.535" /><!-- duration: 41ms -->
  <step title="Performing fetch based deployment" date="2025-10-02T18:59:07.592" >
    <step title="Cleaning up temp folders from previous zip deployments and extracting pushed zip file /tmp/zipdeploy/5b42fbeb-4a57-4de0-86b7-0e384d16a12b.zip (6.42 MB) to /tmp/zipdeploy/extracted" date="2025-10-02T18:59:08.765" >
      <step title="ChmodRecursive Process exited with total time taken in ms: 19" date="2025-10-02T18:59:08.889" /><!-- duration: 2ms -->
    </step><!-- duration: 128ms -->
    <step title="Deployment timer started" date="2025-10-02T18:59:10.898" >
      <step title="DeploymentManager.Deploy(id:1364244a-b663-4fdd-ba1c-c638e168cdae)" date="2025-10-02T18:59:10.901" >
        <step title="Collecting changeset information" date="2025-10-02T18:59:10.908" /><!-- duration: 79ms -->
        <step title="Updating submodules" date="2025-10-02T18:59:10.990" /><!-- duration: 1103ms -->
        <step title="Determining deployment builder" date="2025-10-02T18:59:12.341" >
          <step title="Builder is OryxBuilder" date="2025-10-02T18:59:12.354" /><!-- duration: 2ms -->
        </step><!-- duration: 17ms -->
        <step title="PreDeployment: context.CleanOutputPath False" date="2025-10-02T18:59:12.411" >
          <step title="PreDeployment: context.OutputPath /home/site/wwwroot" date="2025-10-02T18:59:12.541" >
            <step title="Building" date="2025-10-02T18:59:12.675" >
              <step title="Executing external process" date="2025-10-02T18:59:12.944" type="process" path="bash" arguments="-c &quot;oryx build /tmp/zipdeploy/extracted -o /home/site/wwwroot --platform python --platform-version 3.11 -p virtualenv_name=antenv --log-file /tmp/build-debug.log  -i /tmp/8de01e5c68f55f7 --compress-destination-dir | tee /tmp/oryx-build.log ; exit $PIPESTATUS &quot;" /><!-- duration: 112761ms -->
              <step title="Using PythonDeploymentLogParser" date="2025-10-02T19:01:06.070" /><!-- duration: 2ms -->
              <step title="Modified file to trigger a restart of the app container." date="2025-10-02T19:01:07.103" /><!-- duration: 3ms -->
              <step title="Skip function trigger and logicapp sync because function is not enabled." date="2025-10-02T19:01:07.108" /><!-- duration: 37ms -->
            </step><!-- duration: 115669ms -->
          </step><!-- duration: 115807ms -->
          <step title="Cleaning up temp files" date="2025-10-02T19:01:08.350" /><!-- duration: 1987ms -->
          <step title="Cleaning up temp files" date="2025-10-02T19:01:10.339" /><!-- duration: 503ms -->
          <step title="Reloading status file with latest updates" date="2025-10-02T19:01:10.879" >
            <step title="WebHooksManager.PublishEventAsync: PostDeployment" date="2025-10-02T19:01:10.882" /><!-- duration: 21ms -->
          </step><!-- duration: 26ms -->
          <step title="Cleaning up temporary deployment - fetch deployment was successful" date="2025-10-02T19:01:10.908" /><!-- duration: 2ms -->
        </step><!-- duration: 118541ms -->
      </step><!-- duration: 120060ms -->
