<step title="Incoming Request" date="2025-09-30T19:44:59.639" instance="9bc3e5" url="/api/deployments/latest?deployer=OneDeploy&amp;time=2025-09-30_19-43-21Z" method="GET" type="request" pid="768,1,82" Host="homed-gjbncwembghtg6c5.scm.canadacentral-01.azurewebsites.net" User-Agent="GITHUBACTIONS_DeployWebAppToAzure_650b6b91cdde6412317e2834b6c4fb49bc0a7230c2233d3392fff9691cb68c29" Authorization="Bas..." Content-Type="application/json; charset=utf-8" Cookie="ARRAffinity=9bc3e57960773edb3408c581dbfe6e2a119577c37fb6d5a2de646503cf932eae;Path=/;HttpOnly;Secure;Domain=homed-gjbncwembghtg6c5.scm.canadacentral-01.azurewebsites.net; ARRAffinitySameSite=9bc3e57960773edb3408c581dbfe6e2a119577c37fb6d5a2de646503cf932eae;Path=/;HttpOnly;SameSite=None;Secure;Domain=homed-gjbncwembghtg6c5.scm.canadacentral-01.azurewebsites.net" Content-Length="0" X-ARR-LOG-ID="8fd55c93-21f6-421f-8fc2-a676a88b444b" CLIENT-IP="52.173.237.212:29728" X-SITE-DEPLOYMENT-ID="homed" WAS-DEFAULT-HOSTNAME="homed-gjbncwembghtg6c5.scm.canadacentral-01.azurewebsites.net" X-Forwarded-Proto="https" X-AppService-Proto="https" X-Forwarded-TlsVersion="1.3" X-WAWS-Unencoded-URL="/api/deployments/latest?deployer=OneDeploy&amp;time=2025-09-30_19-43-21Z" X-Client-IP="52.173.237.212" X-Client-Port="29728" >
  <step title="Cleanup Xml Logs" date="2025-09-30T19:44:59.647" >
    <step title="Cleanup Infos" date="2025-09-30T19:44:59.669" totalFiles="204" totalCleanup="44" /><!-- duration: 14ms -->
  </step><!-- duration: 45ms -->
  <step title="DeploymentService.GetResult" date="2025-09-30T19:44:59.713" >
    <step title="DeploymentService.GetLatestDeployment" date="2025-09-30T19:44:59.723" >
      <step title="DeploymentManager.GetResults" date="2025-09-30T19:44:59.734" /><!-- duration: 495ms -->
    </step><!-- duration: 514ms -->
  </step><!-- duration: 533ms -->
  <step title="Outgoing response" date="2025-09-30T19:45:00.256" type="response" statusCode="202" statusText="Accepted" /><!-- duration: 8ms -->
</step><!-- duration: 635ms -->
