﻿<?xml version="1.0" encoding="utf-8"?>
<deployment>
  <id>90c3d0a2-8be9-4349-ac4c-325f150be1b8</id>
  <author>N/A</author>
  <deployer>OneDeploy</deployer>
  <authorEmail>N/A</authorEmail>
  <message>OneDeploy</message>
  <progress></progress>
  <status>Success</status>
  <statusText></statusText>
  <lastSuccessEndTime>2025-09-30T13:20:24.9040777Z</lastSuccessEndTime>
  <receivedTime>2025-09-30T13:17:37.8860128Z</receivedTime>
  <startTime>2025-09-30T13:17:39.3013568Z</startTime>
  <endTime>2025-09-30T13:20:24.9040777Z</endTime>
  <complete>True</complete>
  <is_temp>False</is_temp>
  <is_readonly>True</is_readonly>
  <buildSummary />
</deployment>