﻿<?xml version="1.0" encoding="utf-8"?>
<deployment>
  <id>b8c2d1e0-15f2-42fc-84bd-d45dc99725bb</id>
  <author>N/A</author>
  <deployer>OneDeploy</deployer>
  <authorEmail>N/A</authorEmail>
  <message>OneDeploy</message>
  <progress></progress>
  <status>Success</status>
  <statusText></statusText>
  <lastSuccessEndTime>2025-10-01T13:11:52.8391565Z</lastSuccessEndTime>
  <receivedTime>2025-10-01T13:09:47.5779579Z</receivedTime>
  <startTime>2025-10-01T13:09:48.9378024Z</startTime>
  <endTime>2025-10-01T13:11:52.8391565Z</endTime>
  <complete>True</complete>
  <is_temp>False</is_temp>
  <is_readonly>True</is_readonly>
  <buildSummary />
</deployment>