﻿<?xml version="1.0" encoding="utf-8"?>
<deployment>
  <id>a1063b44-b81c-439a-9e68-4737328bc23a</id>
  <author>N/A</author>
  <deployer>OneDeploy</deployer>
  <authorEmail>N/A</authorEmail>
  <message>OneDeploy</message>
  <progress></progress>
  <status>Success</status>
  <statusText></statusText>
  <lastSuccessEndTime>2025-09-29T18:31:43.3144718Z</lastSuccessEndTime>
  <receivedTime>2025-09-29T18:28:44.8423116Z</receivedTime>
  <startTime>2025-09-29T18:28:46.2754869Z</startTime>
  <endTime>2025-09-29T18:31:43.3144718Z</endTime>
  <complete>True</complete>
  <is_temp>False</is_temp>
  <is_readonly>True</is_readonly>
  <buildSummary />
</deployment>