﻿<?xml version="1.0" encoding="utf-8"?>
<deployment>
  <id>87f303c0-9053-44a9-a859-0d336781e6c3</id>
  <author>N/A</author>
  <deployer>OneDeploy</deployer>
  <authorEmail>N/A</authorEmail>
  <message>OneDeploy</message>
  <progress></progress>
  <status>Success</status>
  <statusText></statusText>
  <lastSuccessEndTime>2025-09-30T13:05:22.4348403Z</lastSuccessEndTime>
  <receivedTime>2025-09-30T13:02:33.535803Z</receivedTime>
  <startTime>2025-09-30T13:02:34.9131097Z</startTime>
  <endTime>2025-09-30T13:05:22.4348403Z</endTime>
  <complete>True</complete>
  <is_temp>False</is_temp>
  <is_readonly>True</is_readonly>
  <buildSummary />
</deployment>