﻿<?xml version="1.0" encoding="utf-8"?>
<deployment>
  <id>ff6f3cba-f8df-4a1b-9014-370d4845d71b</id>
  <author>N/A</author>
  <deployer>OneDeploy</deployer>
  <authorEmail>N/A</authorEmail>
  <message>OneDeploy</message>
  <progress></progress>
  <status>Success</status>
  <statusText></statusText>
  <lastSuccessEndTime>2025-09-30T19:46:12.4163061Z</lastSuccessEndTime>
  <receivedTime>2025-09-30T19:43:25.2608927Z</receivedTime>
  <startTime>2025-09-30T19:43:26.6675743Z</startTime>
  <endTime>2025-09-30T19:46:12.4163061Z</endTime>
  <complete>True</complete>
  <is_temp>False</is_temp>
  <is_readonly>True</is_readonly>
  <buildSummary />
</deployment>