﻿<?xml version="1.0" encoding="utf-8"?>
<deployment>
  <id>79cd61ff-8623-4641-9472-45fd0976cace</id>
  <author>N/A</author>
  <deployer>OneDeploy</deployer>
  <authorEmail>N/A</authorEmail>
  <message>OneDeploy</message>
  <progress></progress>
  <status>Success</status>
  <statusText></statusText>
  <lastSuccessEndTime>2025-09-30T07:19:07.8145977Z</lastSuccessEndTime>
  <receivedTime>2025-09-30T07:16:17.0847935Z</receivedTime>
  <startTime>2025-09-30T07:16:18.498456Z</startTime>
  <endTime>2025-09-30T07:19:07.8145977Z</endTime>
  <complete>True</complete>
  <is_temp>False</is_temp>
  <is_readonly>True</is_readonly>
  <buildSummary />
</deployment>