﻿<?xml version="1.0" encoding="utf-8"?>
<deployment>
  <id>14ea0bf8-d0b5-42c4-95c9-8ff2da4145f5</id>
  <author>N/A</author>
  <deployer>OneDeploy</deployer>
  <authorEmail>N/A</authorEmail>
  <message>OneDeploy</message>
  <progress></progress>
  <status>Success</status>
  <statusText></statusText>
  <lastSuccessEndTime>2025-09-30T07:43:56.5831695Z</lastSuccessEndTime>
  <receivedTime>2025-09-30T07:41:03.9815358Z</receivedTime>
  <startTime>2025-09-30T07:41:05.4116905Z</startTime>
  <endTime>2025-09-30T07:43:56.5831695Z</endTime>
  <complete>True</complete>
  <is_temp>False</is_temp>
  <is_readonly>True</is_readonly>
  <buildSummary />
</deployment>