﻿<?xml version="1.0" encoding="utf-8"?>
<deployment>
  <id>1364244a-b663-4fdd-ba1c-c638e168cdae</id>
  <author>N/A</author>
  <deployer>OneDeploy</deployer>
  <authorEmail>N/A</authorEmail>
  <message>OneDeploy</message>
  <progress></progress>
  <status>Success</status>
  <statusText></statusText>
  <lastSuccessEndTime>2025-10-02T19:01:07.4834707Z</lastSuccessEndTime>
  <receivedTime>2025-10-02T18:59:10.9320181Z</receivedTime>
  <startTime>2025-10-02T18:59:12.2619048Z</startTime>
  <endTime>2025-10-02T19:01:07.4834707Z</endTime>
  <complete>True</complete>
  <is_temp>False</is_temp>
  <is_readonly>True</is_readonly>
  <buildSummary />
</deployment>