﻿<?xml version="1.0" encoding="utf-8"?>
<deployment>
  <id>66f24a32-de4d-4a91-a39d-ce840c680393</id>
  <author>N/A</author>
  <deployer>OneDeploy</deployer>
  <authorEmail>N/A</authorEmail>
  <message>OneDeploy</message>
  <progress></progress>
  <status>Success</status>
  <statusText></statusText>
  <lastSuccessEndTime>2025-10-02T19:13:41.9817465Z</lastSuccessEndTime>
  <receivedTime>2025-10-02T19:11:41.4341702Z</receivedTime>
  <startTime>2025-10-02T19:11:42.7799235Z</startTime>
  <endTime>2025-10-02T19:13:41.9817465Z</endTime>
  <complete>True</complete>
  <is_temp>False</is_temp>
  <is_readonly>True</is_readonly>
  <buildSummary />
</deployment>