﻿<?xml version="1.0" encoding="utf-8"?>
<deployment>
  <id>4d143f8c-5c5e-4969-96b9-8921ccdb7e29</id>
  <author>N/A</author>
  <deployer>OneDeploy</deployer>
  <authorEmail>N/A</authorEmail>
  <message>OneDeploy</message>
  <progress></progress>
  <status>Success</status>
  <statusText></statusText>
  <lastSuccessEndTime>2025-10-02T19:16:14.1777886Z</lastSuccessEndTime>
  <receivedTime>2025-10-02T19:14:29.8185662Z</receivedTime>
  <startTime>2025-10-02T19:14:31.1179374Z</startTime>
  <endTime>2025-10-02T19:16:14.1777886Z</endTime>
  <complete>True</complete>
  <is_temp>False</is_temp>
  <is_readonly>True</is_readonly>
  <buildSummary />
</deployment>